"","SRR8832553_OE","SRR8832554_OE","SRR8832555_OE","SRR8832550_CTL","SRR8832551_CTL","SRR8832552_CTL"
"YBX2",-0.912045675696707,-0.780317913489179,-1.00637519447609,1.13223136067734,0.920302972781462,0.64620445020318
"GPRC5A",-0.80726523283163,-0.860903306356931,-1.00505617261469,0.612991884424595,0.807639753138872,1.25259307423978
"APPBP2",-0.932383786719072,-0.877850982465973,-0.923291104395569,0.814010605389302,0.996424821708749,0.923090446482559
"TRIP13",-1.0298766250019,-0.814751778512141,-0.87098087269691,0.799902140434977,0.812740427927863,1.10296670784811
"UNC13D",-0.994516871533612,-0.946844344290894,-0.765288125768,1.06371669909395,0.975818215719146,0.667114426779407
"MYBL2",-0.960943858465123,-0.890751211137559,-0.851848848409825,0.933476175327262,0.64053945070387,1.12952829198137
"CCL22",-0.797898717003673,-0.733755053372253,-1.06886577455561,0.956647198894365,1.27809135870264,0.365780987334522
"CDIPT",-0.968173432539768,-0.869744791326067,-0.896756245895362,0.833937152186982,0.941421901674891,0.959315415899324
"TNFRSF10A",-0.874355673533332,-0.892819638482963,-0.938355552041584,1.17244577433194,0.830025091019948,0.703059998705993
"TGFB1",-0.903156114498456,-0.899135754114217,-0.924704438045336,1.06837205004747,0.873184563533475,0.785439693077062
"PIK3R2",-0.715314669474655,-1.00162884567859,-0.876276051293549,1.10259531924991,1.18718772819258,0.303436519004305
"FKBP14",1.15408178424776,0.826316750084843,0.724916401083773,-0.968807846198625,-0.95033581105149,-0.786171278166259
"DNAJC12",0.688893404957484,0.905296701601526,1.10034144911587,-1.08097221055882,-0.918190295765502,-0.695369049350559
"DTX4",-0.803958168687293,-0.912005438671962,-1.01192147926101,1.01716828422122,0.856932442687585,0.853784359711458
"ELK3",-0.982887504178044,-0.786964626767179,-0.828562782313272,0.800036466372622,1.384452904072,0.413925542813879
"GOLT1B",-0.912724377478754,-0.703511315678053,-1.01558214902372,0.477539310054881,1.29172858128718,0.862549950838461
"ADGRG6",-1.11957336706755,-0.905007733765312,-0.646713771301111,1.02086603118696,1.05450969129395,0.595919149653062
"TMEM30A",-0.750556152873578,-0.869958891063424,-1.02831183358282,0.587411090372085,0.754444930698126,1.30697085644961
"LNPEP",-0.982825273972212,-0.760364156725805,-0.892691768511344,1.00665979018004,1.21364522899539,0.415576180033927
"GNB4",-1.05729715241273,-0.679414455344185,-0.951371495393053,1.15784416858293,0.809797705660545,0.72044122890649
"ELL2",0.897712701984334,0.832542398612062,1.00303343736725,-0.856834907074951,-0.948321623830304,-0.928132007058386
"AHR",0.558222851086671,1.10878480399815,0.985471805188155,-0.898046184449128,-0.61045474121002,-1.14397853461383
"RNF11",0.90996652421339,0.904398075984667,0.920534660480855,-0.992823868798668,-0.829035232524722,-0.913040159355521
"SLC22A5",-0.857919397411062,-0.704222709851309,-1.12447599128212,0.990978273444698,0.64292569492293,1.05271413017687
"DLGAP5",-0.943751337026681,-1.11387532762938,-0.639366076929221,0.745804156073202,0.97971137294984,0.971477212562244
"SGPP1",-0.952253833874438,-0.83876903778245,-0.908605835377519,0.745653307655691,1.19959249202364,0.754382907355074
"KLF2",-0.884455337833529,-0.865257838788829,-0.922522173546097,0.557873002074688,1.24630297493976,0.86805937315401
"SYNGR3",-0.812802678260004,-1.07690064424683,-0.821771283034959,0.718955453037661,1.03065097788629,0.961868174617838
"HSPB1",-0.748585033845608,-0.95294856499493,-0.966707070526552,0.845911343891524,0.578765179884724,1.24356414559084
"CDC42EP1",-0.816936004732779,-0.977886264630739,-0.938923245525865,0.919334258228235,0.949381297427604,0.865029959233542
"LIF",-0.816448018915505,-0.987935207816505,-0.873174503170672,1.00062847883797,1.1447812390047,0.532148012060006
"VGF",1.04012825204207,0.746389712180481,0.938613654454956,-0.853201162463384,-0.93236075547663,-0.939569700737492
"TMOD2",-1.00021383866076,-0.890813196361289,-0.837539984830051,1.00093502136398,0.935662439162945,0.791969559325171
"DHRS2",-0.96737802200882,-0.82379754277152,-0.937176271341019,0.966259708774722,0.778342972036925,0.983749155309711
"FMO5",0.735738232473621,0.740788994482952,1.19973208467812,-0.979301896678132,-1.03781888414189,-0.659138530814672
"DNAJB1",-0.985755881266421,-0.798541246261588,-0.897529314652862,0.879245714202944,0.595237522535522,1.20734320544241
"IPO8",-0.975008955969946,-0.707077864808052,-0.988535661095084,1.01477256574049,1.12076693171633,0.535082984416265
"TTC9",-0.873905451389316,-0.843516747600225,-0.942970687273614,1.14279943643218,1.05715854393565,0.46043490589532
"EIF2S1",-0.996881163333918,-0.935575388566675,-0.792558659399584,1.001244938318,0.77646263830377,0.94730763467841
"NT5E",-0.891989906734274,-0.97799337955877,-0.865086514171689,0.93228894029513,0.849736796484971,0.953044063684631
"PRRG4",-0.9039201892254,-0.896009125329483,-0.908023510279107,0.688976872955895,1.15572094933819,0.863255002539904
"PNKD",-0.944076565917662,-0.907165485631229,-0.770646711245721,0.969738599876282,1.26578000143686,0.386370161481471
"ALPK3",-0.870207145614147,-0.802083266669929,-1.02958195988448,0.900624124056184,1.13083218911333,0.670416058999041
"HS6ST1",0.795002450262704,0.69634850295478,1.20655386821027,-0.919302804011614,-0.904588519522244,-0.874013497893893
"IER3",0.98216452872475,0.701817460549387,1.03069469881122,-1.03039536884607,-0.855503502069882,-0.828777817169406
"THBS1",-0.861582549305766,-0.950128093211278,-0.890233892648872,1.11761189046432,0.96290652171946,0.621426122982136
"HAUS2",-0.694349016950049,-1.03839306133669,-0.977439627704248,0.945843826920969,0.753393075459926,1.01094480361009
"ITGAV",-0.638478329283092,-1.16541748410804,-0.858833213869857,0.924294648220473,1.12529860204481,0.613135776995704
"TSC22D1_ENST00000261489",-0.877747850380647,-0.784534595938544,-1.02217474918871,0.572139292693894,0.98221258729709,1.13010531551692
"SLC7A5",-0.984786715575796,-0.789671337526744,-0.868969667769415,1.15054648546798,1.0730915118363,0.419789723567668
"ARL1",-0.866714254671343,-0.917743806024488,-0.93701050040291,0.70907637190791,1.0275685842919,0.984823604898931
"KPNA3",-0.870023236431371,-0.94678999258708,-0.896724716833357,0.80215697374299,1.14593853391856,0.76544243819026
"COPZ1",-0.791334821650807,-0.862124628143568,-1.00278599813301,0.563364506441777,0.804060930760219,1.28882001072539
"CACNG4",-0.851958146430897,-0.874630092354165,-0.983455432785854,0.70424422174225,0.871695133381245,1.13410431644742
"RCOR1",-0.892903619234402,-0.827328643184859,-0.957122344773344,1.08880529804586,1.0725962574104,0.515953051736346
"CRISPLD2",-1.06749509711898,-0.733952410407803,-0.911075761711509,0.76129359886408,0.910451669366311,1.0407780010079
"IMPAD1",-0.886509591382448,-0.921721173714004,-0.903505499934353,0.765206440579002,1.15789773495634,0.788632089495462
"AJUBA",-0.978828563602783,-0.890208840528916,-0.867530686927069,0.900548418530139,0.931082660865752,0.904937011662877
"MID2",0.668442406177807,0.95368389138196,1.08964271397665,-0.853910148428405,-0.902773919554921,-0.955084943553091
"AMMECR1",-0.896464161354006,-0.84074836087863,-0.937196649948293,0.648766437922264,1.27611256144814,0.749530172810518
"PRKX",-0.66568749531391,-0.883318630828605,-1.11744255773074,0.973087854501655,1.1180612019408,0.575299627430795
"MAPK3",-0.730339439157607,-0.873108766870716,-1.0931112055286,0.83045217026206,0.734856304731302,1.13125093656356
"EEF2K",-0.929428705160523,-0.925157591489707,-0.799913071985447,1.2718037251628,0.50834993428689,0.874345709185979
"SYP",0.928143236420441,0.747881868016421,1.0401794159084,-0.800478125236577,-1.06149858595853,-0.854227809150157
"POLR1B",-1.05792399836846,-0.870190780609185,-0.765983428173083,1.06717879417216,0.62041794949216,1.00650146348641
"OSBP",-1.05630986284228,-0.893071187384558,-0.767718454264661,0.757597024817796,1.02136534183779,0.938137137835908
"PPAT",-0.866428003753383,-0.837852698027431,-0.997879324160813,0.810583715392133,1.17542460290176,0.71615170764773
"SEPT11",-0.970568424647437,-0.856614053419845,-0.890463801224893,1.00961062977336,1.01723087801219,0.690804771506628
"PDCD6",0.899476487889639,1.06671835435436,0.711781245363612,-0.99499773803176,-1.10624651435289,-0.576731835222958
"MRPL3",-0.659107346643949,-1.17373115657257,-0.8648489456115,0.890772191626681,0.987190860463997,0.819724396737347
"GALNT7",1.0423403057885,1.12469561731404,0.491112433384672,-0.951800099610881,-0.702079097734692,-1.00426915914164
"STC2",-0.845062766464663,-0.873586570430831,-1.00592177763776,1.05820686665974,0.796780708917948,0.869583538955566
"SEMA3C",-0.923070259044828,-0.947344642914075,-0.783673584550448,0.45193239614081,1.04047060574171,1.16168548462683
"TIMP3",-0.978546271671921,-0.881400002715866,-0.859137316080104,0.705322390233018,0.972474629862167,1.04128657037271
"TMPO_ENST00000266732",-0.913667284807261,-0.85788277692423,-0.961898836866421,0.900062349529042,0.998039783899177,0.835346765169693
"ASCL1",0.784639215443095,0.71781675588953,1.19421875451854,-0.929565645714487,-0.97707574799976,-0.790033332136922
"PXN",-0.629966049838262,-0.819268924926189,-1.2034981416491,0.647988929865342,1.16690802821108,0.837836158337128
"DISP2",0.657427011698895,1.05324939368383,0.99471296752085,-0.764803380327682,-0.94641472805489,-0.994171264521008
"IGFBP4",-0.964827199177344,-0.805468696835701,-0.952078518990012,0.74030877587823,0.963410679156529,1.0186549599683
"PSG9",-1.0235129768019,-0.939025794429828,-0.752141855826177,1.02813550901518,0.730015042862143,0.956530075180583
"HMCN1",-0.900461150842341,-0.960615254437182,-0.865503535893477,0.988204264255051,0.991189914630512,0.747185762287435
"GOLPH3L",1.07051213374995,0.812558084557365,0.835413610804377,-1.05106895301971,-0.85556036792983,-0.811854508162155
"SLC20A1",-0.857943036776563,-0.847185226344016,-1.00958118539127,0.815853114394624,1.12047315374199,0.778383180375236
"ABCA12_ENST00000272895",1.10165339374358,0.905811372156217,0.698839965975958,-0.862395575912204,-0.79202836237388,-1.05188079358968
"ARL6IP5",0.899924140054916,0.983995144018384,0.814404438299818,-1.11063883661794,-0.973766365606682,-0.613918520148494
"LRIG1",0.798551835029784,1.03753496427166,0.86678829323624,-0.797817328215991,-0.748348585008933,-1.15670917931276
"GLRA3_ENST00000274093",0.800394208157453,0.848382203931774,1.06945383771564,-1.05111786719403,-0.860057301974907,-0.807055080635932
"CDH18_ENST00000274170",0.740871164842539,0.930007337338735,1.05096330175312,-0.911366530612573,-0.983253972109052,-0.827221301212764
"SPOPL",-0.947027707925338,-0.875349135079381,-0.913901113533527,0.849287964512261,0.947463947458085,0.939526044567899
"MED13L",0.666341716913802,1.09404474960776,0.88356074666894,-1.22428874789157,-0.89927208925867,-0.52038637604027
"HSPB8",-0.995853679908634,-0.97037402507975,-0.693859845745908,0.956795979661487,0.520625711081541,1.18266585999126
"HHEX",1.08265273558369,0.735550508779517,0.899077466286825,-0.974421568130937,-0.942885239378599,-0.799973903140487
"TMEM87B",-0.761471926004322,-0.835239767968425,-1.10660749832505,0.698273821987289,1.01403532142029,0.991010048890226
"DDAH1",0.827342530405946,0.819270895962961,1.07756319813848,-0.895144259727018,-0.846714453069109,-0.982317911711255
"ANKRD40",-1.01911938664716,-0.745527973339943,-0.951756883985658,0.810879091636026,1.06831472060335,0.837210431733376
"MARVELD1",-0.872705363784226,-0.93596321850909,-0.910565189837057,0.704787388417074,1.06848842415768,0.945957959555619
"CNOT8_ENST00000285896",1.03627818712115,1.10698452386517,0.529828069969951,-0.964867081605687,-0.731612032503886,-0.976611666846696
"SLC26A2",-0.992231834883434,-1.07509783938167,-0.602492306427849,1.04112479374188,1.02216527081489,0.606531916136183
"ATAD2",-1.22579340243476,-0.528256557763642,-0.915277031335123,0.846581591714644,0.94840452356797,0.87434087625091
"CNOT11_ENST00000289382",-0.874499897274659,-0.892359548465735,-0.937091048486725,0.617891259510299,1.0829893397161,1.00306989500072
"STC1",-0.871725586120664,-0.977306188355282,-0.871679081670994,0.790787175050187,0.828039176921435,1.10188450417532
"CBR1_ENST00000290349",-0.628450884217414,-1.04651629037423,-1.02979742621628,0.859533543616782,0.858843821498055,0.986387235693083
"CELF3",1.16614100824185,0.867517989493519,0.654909641959002,-0.716542395766549,-1.00530417390567,-0.966722070022147
"MGAT4B_ENST00000292591",-0.865100237411395,-1.07185764197773,-0.775026881711772,0.753798772207215,0.887995972931514,1.07019001596217
"ITGA5",0.752764674862435,1.00681901861609,0.953505182384353,-1.04157372132032,-0.955405816540785,-0.716109338001774
"CXCL16",-1.14582139192827,-0.81930758356003,-0.681090526163828,0.74715678946525,0.640920552623126,1.25814215956374
"FAM84A_ENST00000295092",0.759959374492082,1.09416955505528,0.858529374006176,-1.05533740153341,-0.851992089064308,-0.805328812955823
"INHBB",-0.894233716841002,-0.773199604447549,-1.04452882343946,1.0808833919972,0.896007110429184,0.735071642301626
"LRRC58",-0.860540973793537,-0.904609793359978,-0.948628264619131,0.892143318297569,1.11837114273714,0.703264570737942
"ANKRD33B",-1.03192408031517,-0.878096888218496,-0.801183292170161,0.814002224844883,1.12165660903822,0.775545426820715
"TMEM65",-0.90400130982211,-0.830572721456363,-0.996980439377401,0.950461303772545,0.821853551833368,0.95923961504996
"PGM2L1",-0.855926913318376,-1.09575935308352,-0.76125715959768,0.900323460269387,1.0363295832245,0.776290382505684
"TRIM44",-0.940186050104376,-0.762294312266929,-1.00780012869088,1.03184127438268,0.990911657771716,0.687527558907787
"POLR2M",-0.974559345632685,-0.931934556025379,-0.788674908114433,0.974847994766778,1.11476155465727,0.605559260348451
"SLC27A4",-0.95421208842348,-0.996599047167958,-0.776957285486297,0.967782321769644,0.94011313286875,0.81987296643934
"CDT1",-0.898251443599194,-0.781055172683541,-1.03193916701868,0.706374347219836,1.07128069189825,0.933590744183334
"TUBA1A",-0.88495213358557,-0.99956339127134,-0.839068884864259,0.81671000125872,0.833863119320217,1.07301128914223
"PSCA",-0.885376327437259,-0.861526501246163,-0.986370945651465,0.832369110556569,0.924036451787632,0.976868211990686
"TK1",-0.934438644809665,-0.615899217325885,-1.1027109384555,0.638741289582177,0.789423015915695,1.22488449509318
"SIX2",-0.93203004971574,-0.84465223255489,-0.873778171608506,0.640770659179571,1.33979319646638,0.669896598233188
"EMB",-0.917168869608531,-0.790035017526002,-1.00997525914219,0.826851375995476,0.796430610298538,1.09389715998271
"SHCBP1",-0.850834138177077,-0.918266065920908,-0.947039471601245,0.809931559953244,0.775366725492292,1.13084139025369
"TMED10",-0.961938149692383,-0.967979032665156,-0.799805611233749,0.816932003951601,0.931491869161353,0.981298920478334
"CAMTA1",-0.913569197907936,-1.022750759398,-0.759315578239786,0.618003208920795,1.00271873354107,1.07491359308385
"ANTXR1",-0.896989545394008,-0.773556624620115,-1.02148654307112,1.13965364737522,0.934041248844704,0.618337816865325
"MCM7",-0.925022336720362,-0.794584834417615,-0.977593389429899,0.742658545126365,0.758615087708738,1.19592692773277
"GPRIN1",-0.917462220080258,-0.663493439435204,-1.11822749430553,0.819005020699955,1.06113176866609,0.819046364454943
"KBTBD2",-1.06358185607448,-0.641835889900138,-0.99178747878053,0.720226236904388,0.977328596285247,0.999650391565511
"TSPAN5",1.16864098111442,0.88396402383391,0.63952001417641,-0.970495727060457,-0.960900477710739,-0.760728814353546
"LRP8",-1.00591264165368,-0.80968764147625,-0.84132709022571,1.09012753683209,1.10659142296878,0.460208413554771
"PRKCE",-0.739707433269372,-0.894457132782614,-1.05849386287634,1.15020328985859,0.870772928569402,0.671682210500332
"DDIT4",-0.830387838931045,-0.867071226144127,-1.03395596303952,0.938019110280152,0.924664742248646,0.868731175585893
"SYNPO",-0.932158906303379,-0.838641193393444,-0.958989650879347,0.805008738172143,0.90046502574295,1.02431598666108
"DBN1",-0.848922865568203,-0.952427386483734,-0.919597560410247,0.786868890976367,0.83091620809203,1.10316271339379
"PTMS",-0.782780149195078,-0.96508804755665,-0.934961055655673,1.15406865115252,0.562787662680186,0.965972938574699
"PPP1R14B",-0.783738369455658,-1.0274152632282,-0.851119180074096,0.592029001346256,0.798146032820599,1.2720977785911
"KLF7",-0.718315772164731,-0.969242396708454,-0.954522006558694,0.751932277971925,0.569742309319436,1.32040558814052
"LRFN4",-0.752811099685448,-0.906805202846537,-1.06378132457491,0.915203018021417,0.963125388570933,0.845069220514547
"CASP2",-0.950802858756592,-0.885085529345329,-0.900114013034389,0.980910782059767,0.873481635240038,0.881609983836507
"NAA20",-0.858335968026797,-1.09713860298948,-0.728579999940724,0.611147580611322,0.978382956562013,1.09452403378367
"DENND6A",-0.847415567834442,-0.709034410801715,-1.15334250633925,0.873968220491657,0.92039278729655,0.915431477187197
"OXR1",-0.800821062700411,-0.719156350896593,-1.07779780516977,0.888019228220181,1.31836517760846,0.391390812938128
"YPEL2",-0.876678634721872,-0.794591592859353,-0.994239740146176,1.06221553065426,1.11626424887309,0.487030188200047
"KRT80_ENST00000313234",-0.797990088379671,-0.952223213571064,-0.953242323012909,0.752879830973478,0.777031951227599,1.17354384276257
"FAM20C",-0.929621223869173,-0.839127130861108,-0.952816336895115,0.964844491037778,0.720478430888664,1.03624176969895
"C3orf58",0.784979186369632,0.960700000156295,0.983408487468094,-0.857738352628531,-0.876169574410944,-0.995179746954548
"SMAP1",-0.785904572979959,-0.890119348072049,-1.01914808297016,0.617050107409486,0.96378615275492,1.11433574385776
"AFF3",0.758492506818975,0.683436617880781,1.23337466107438,-0.739819921016195,-0.878276740943296,-1.05720712381464
"TUBB6",-0.785452279471943,-0.99756165813936,-0.857296261721725,0.752521470243653,0.553499136279511,1.33428959280986
"RORC",0.541823868537062,1.44492717525476,0.58817057617714,-0.679365359551622,-1.0331117901879,-0.862444470229439
"LURAP1L",0.859092877383916,0.658353969462827,1.18096756590868,-0.844852724892203,-0.893437965549947,-0.96012372231327
"ITGA3",-0.930710519535638,-1.08504857396958,-0.701880147951438,0.92620549066054,0.869854487761869,0.921579263034251
"RNF144A",-0.978799669465506,-0.881658253538008,-0.760312325023963,0.468920014582831,1.35109724991801,0.800752983526637
"ULK1",-0.967029079669373,-0.874468056668194,-0.890888303860164,0.970444161872382,0.960021260729943,0.801920017595406
"ATP11B",-0.995666576328922,-0.788143977978595,-0.944190099685833,0.963723441282431,0.808374517904444,0.955902694806476
"ACSS1",0.821657003373903,0.731251153508231,1.156582545155,-0.951667732686022,-0.909127923225859,-0.848695046125259
"SOX2",0.984592431982392,0.710503447654801,1.02716535268042,-0.900386671181395,-0.924799389134283,-0.897075172001932
"TNFRSF12A",-0.856357591493996,-0.855513215076558,-0.951270842367985,1.23488749902515,0.508056085781272,0.920198064132119
"DCBLD2",-0.882201719971553,-0.708539812622936,-1.08789870459251,0.615636165134598,1.15226436309761,0.910739708954787
"KRT81",-0.76419303873186,-0.932300673869472,-1.02310316102259,0.757537077793786,1.00732276313595,0.954737032694185
"ALDH1A3",-0.821270151128548,-0.808711038711262,-1.02942070708527,0.983635721294855,1.18440829083465,0.491357884795572
"VMA21",-0.89059737225018,-0.905304875172765,-0.917932559251957,0.680082413363522,0.93299314539259,1.10075924791879
"SOCS3",-0.914013171797798,-0.818907584652242,-0.962642243910404,1.2078652900025,0.773254656675858,0.71444305368209
"FAM84A_ENST00000331243",0.679719683652491,0.829989988095474,1.18997413717636,-0.877496015425629,-0.873173653525366,-0.94901413997333
"C6orf120",-0.827276538546302,-0.966174681012841,-0.923498800800206,0.948714293693636,1.06561493751594,0.702620789149773
"SHC4",1.18627532865809,0.837892292159664,0.672234474224998,-0.797972222331763,-0.946923145987375,-0.951506726723613
"TSKU",0.917046209667216,0.851918874808478,0.90958363917482,-0.543904249936305,-1.19328400833453,-0.941360465379676
"VPS33B",0.854665726599021,0.848677911278231,1.00279931598048,-0.991002229737983,-1.07058040811616,-0.644560316003587
"ERCC6L",-0.819674040806775,-0.896225882267955,-0.970582688848527,0.716850375618328,1.23906289268281,0.730569343622124
"ELF4",-0.810371310332079,-1.12623796069341,-0.767609139823226,0.722664837073221,0.999168870371245,0.982384703404248
"CDCA4",-0.951251254165995,-0.818326813783007,-0.963500170715514,0.933341163015774,0.956777241071643,0.842959834577098
"C2CD2L",1.13435554915059,0.841213629987519,0.701343098792562,-0.614055254783699,-1.0983671764453,-0.964489846701673
"UGP2",0.805726146002377,1.24101590597622,0.604016938164656,-1.1283555155833,-0.844286326551975,-0.678117148007982
"FGD3",-0.776682113894542,-0.91812584299653,-0.993611141109465,0.587562487464894,0.965229112343889,1.13562749819175
"WTAP",-0.998918097663619,-0.708898604302441,-0.958121526277851,0.547183291813749,1.19659581374043,0.92215912268973
"NIPA1",-0.886222014219083,-0.867346089504875,-0.964069296987065,0.772293083226329,1.12145527263085,0.823889044853848
"UGT2B15",0.71592658562085,0.789325511368913,1.19107012145875,-0.815356452372567,-1.01776184482997,-0.863203921245982
"SFN",-0.749236074164053,-0.977089264489608,-0.919192142357705,0.722471417446905,0.595456337384116,1.32758972618034
"BAZ1B_ENST00000339594",-0.873590643609229,-1.08046522116696,-0.767889207188942,0.971129013536194,0.830628220306324,0.920187838122609
"RET_ENST00000340058",0.561512942398176,0.775900924125239,1.29041206661131,-0.913160156073709,-0.618987723221677,-1.09567805383934
"GLRA3_ENST00000340217",0.67892199988195,0.889160700946411,1.13811191070546,-0.928325407036008,-0.814901065322289,-0.962968139175525
"BRWD1",-1.02379960511628,-0.850920708443476,-0.815790346494279,1.16937074510271,0.898216546865697,0.62292336808563
"RAP2C",1.13348127311622,0.612303924286087,0.937082184588704,-0.809828078624492,-0.774931511309865,-1.09810779205665
"TM7SF3_ENST00000343028",-0.811767084715492,-0.78870104791496,-1.07809665010583,0.611853333672958,0.880581607860132,1.18612984120319
"FOXO3",-0.628859370932886,-0.828296658257393,-1.22517828660797,0.997080330685351,0.802695673239254,0.882558311873646
"ENTPD8",0.578112925403063,0.794222982952228,1.27516176137363,-0.911450507605232,-0.679230203542677,-1.05681695858101
"PPL",-0.82336065994566,-0.855983864131613,-0.940565883577701,1.29705243589297,0.932890804988985,0.389967166773022
"CISH",-0.773482355098382,-0.700759355362696,-1.20655573168382,0.948825666650023,0.700529885567492,1.03144188992738
"PROSER1",-0.996385987582895,-0.865182502060009,-0.838563173759106,0.727631610462864,1.18707335121728,0.785426701721871
"ACVR2B",-0.844317639264868,-0.811085331837388,-1.02495931326934,1.10829825951166,1.02552004290425,0.546543981955679
"RAD51AP1",-0.690443622724422,-1.08829906376219,-0.900922788588823,0.688257185629972,1.18369276066464,0.807715528780823
"PKIA",0.678770121715643,0.776789177277496,1.23003655086629,-0.961186539049051,-0.940327894616685,-0.784081416193693
"LMBR1_ENST00000353442",-0.90374048908402,-1.12742681224912,-0.668412050231437,1.0486933329305,0.787251303910383,0.863634714723697
"SVIP",-0.945515059556414,-0.878044274671858,-0.892666342050667,0.715788248182111,1.11192940632303,0.888508021773793
"ELOVL2",0.77267038560646,0.820841856030803,1.11757811384475,-0.99040543192449,-0.957648832035936,-0.763036091521591
"SYNJ2",-1.11166257886714,-0.495381309705163,-1.05599620344349,0.944103115331796,0.991704697016484,0.727232279667522
"RET_ENST00000355710",0.716131561737617,0.752934364551386,1.22350817611904,-0.943317485124599,-0.916317261818539,-0.832939355464902
"PDLIM7",-1.10299583024338,-0.774016102293571,-0.842725666497703,0.85676823533768,0.882835484724582,0.98013387897239
"MYO9A",-0.734449887119507,-0.832571540119474,-1.08106208604696,1.2296122750655,0.910153620025984,0.508317618194456
"PHLDB1",-1.10068748837986,-0.649643535493568,-0.909494586563169,0.720789667726818,1.23390593256511,0.705130010144667
"SLC39A8",0.892719321416397,0.567607898386808,1.18298853449232,-1.18817418726309,-0.653627478250082,-0.801514088782354
"RC3H2",-0.905331237796992,-0.803736473796735,-1.00950085532012,0.770597298283854,1.08392840542651,0.864042863203479
"ELK4",-0.870536557307161,-0.873121544858856,-0.925142387113814,0.660182517880284,1.2965609313144,0.712057040085146
"GMFB",-0.877404735681228,-0.77090212568746,-1.02937771291334,0.598510138253609,1.20774609120055,0.87142834482787
"EPHA2",-0.797465907546488,-0.855530815973718,-1.06654923441598,1.04621071199081,0.83499381873812,0.838341427207263
"MAP3K5",0.415575458035458,1.20927178074114,1.01194175222966,-0.760155662437578,-0.971631323166256,-0.905002005402426
"KCNK5",-1.01731756312939,-0.828536984404345,-0.878878472064356,0.763512562843498,0.977463885398544,0.983756571356045
"TRAF3IP2",0.456009767783776,1.11080734800956,1.08215175964189,-0.856104941117873,-1.04975105061426,-0.743112883703095
"SULF2",0.891192524457374,0.903505390806104,0.930956743846622,-0.844767959994828,-1.08234673312178,-0.798539965993493
"PIM3",1.01122958882382,0.944822086012657,0.769669175792174,-0.806033613847909,-0.955070038856505,-0.964617197924237
"IQGAP3",-1.00257961210517,-0.870894105249337,-0.853052317421445,0.993365169895437,0.966534597027922,0.76662626785259
"MVB12B",-0.862973217021616,-0.692091431909207,-1.12327861489721,1.01049981135507,1.06038482496202,0.607458627510938
"E2F2",-0.912694118212972,-0.904386376670592,-0.909173888745862,0.821506094096954,1.08193548625733,0.822812803275145
"CIPC",-1.01317587874067,-0.770862312690217,-0.932455987415797,0.787917518580009,1.0852300140071,0.843346646259568
"L1CAM",-0.928146560608163,-0.676126922692957,-1.01851225212346,1.18103085424645,0.396943271865841,1.04481160931229
"PCGF3",-0.98061709720592,-0.772254496936598,-0.942912795296059,0.631083734816762,1.13997812146153,0.924722533160282
"FBXO28",-0.897585182897821,-0.815423783801576,-0.979615395388952,0.578194672889235,1.05160082958664,1.06282885961247
"LAD1",-0.665049354590004,-1.07199783605651,-0.95847085866036,0.846342507964589,0.745922054301985,1.1032534870403
"NR5A2",1.1140356376361,0.66438889422912,0.931844898816419,-0.918734756902186,-0.883412527413519,-0.908122146365939
"NEK7",-1.03019198498414,-0.920654434875466,-0.776595208906756,0.844498577073668,0.973756603539572,0.909186448153116
"RGS16",0.715844265384157,0.905831368993222,1.09581847260229,-0.922794503244032,-0.943150264345003,-0.851549339390632
"NES",-0.82203904353019,-0.897725502781051,-0.948183142281625,1.20467614307621,0.95238794557334,0.510883599943315
"OAT",1.1349745652633,0.840495530176672,0.739402216484324,-0.900755162339288,-0.876942270849359,-0.937174878735649
"MCL1",-0.960889024785508,-0.914128421154884,-0.831825213997893,0.668997430755536,1.13109251615153,0.906752713031219
"PREP",-0.88632321517793,-0.911959627335885,-0.898492801953035,0.588068210798042,0.99812320808521,1.1105842255836
"FAM46C",0.839903130628801,0.892776916710354,1.00217095687908,-0.908578278068059,-0.915871214079308,-0.910401512070871
"NEURL1B",-0.828208281995131,-0.921970527929935,-0.973300815075953,1.03049694664954,0.950673340938648,0.742309337412838
"SH3BGRL2",-0.899723685181923,-0.899723685181923,-0.915585611071516,0.982558187049798,1.06186781649776,0.670606977887799
"STMN3",0.803229305294625,0.837010145038587,1.08476284326189,-0.870018325392852,-0.920021159725132,-0.934962808477118
"MRPL43",-0.769219975313283,-0.932511205220027,-0.936942366028698,0.615334622749746,1.35465312492612,0.668685798886149
"GOLGA7B",1.00129261591317,0.637927641236596,1.03823783191263,-0.894917447991701,-1.13918242088049,-0.643358220190214
"GPC4",0.86631358906741,0.882406101557826,0.978961176500324,-1.04869539729213,-0.879724016142756,-0.799261453690675
"PPP1R3D",0.700653063356151,1.00618204207204,1.01259489393214,-0.955751537523489,-0.917844119140995,-0.845834342695846
"C6orf141_ENST00000371194",1.00375245415332,0.749445898791849,0.974532186738694,-0.931403338774613,-0.907935671162589,-0.88839152974666
"NDC1",-0.884677105384812,-0.977721386012188,-0.872524984124879,0.941791629029551,0.948887432482835,0.844244414009493
"RAB3B",0.867626813759975,0.950218953173133,0.884703656724626,-0.808649530685315,-0.707926279169254,-1.18597361380317
"B4GALT5",-0.952224298682458,-0.888914695561702,-0.892325516929865,0.979343560664324,0.9451440875481,0.808976862961599
"COL5A1",-0.984806784317703,-0.952340614357995,-0.729185797999138,1.01294487386966,1.14180305790453,0.51158526490065
"SLC6A9",-0.990646886464261,-0.66289167106377,-1.05080261235125,0.913140093919356,1.03158173202105,0.759619343938876
"PLAU",-0.892390479497378,-0.802387516433009,-0.98606190893694,0.790766056731116,1.24168055297007,0.648393295166139
"STK4",-1.14722454995001,-0.73820227027637,-0.788054823889563,0.791915941020545,1.18637115493397,0.695194548161433
"BMP8B",-0.7364338944046,-0.998843083295882,-0.977060918662894,1.08773439726475,0.847623072507351,0.776980426591272
"SGPL1",-0.999921670241313,-0.844892386529,-0.869001527673529,0.683047282546355,0.979423649850567,1.05134465204692
"SH3BGRL",1.10059872547716,0.747357917941008,0.838776015154662,-1.14458424225644,-0.888141342262688,-0.654007074053695
"OBSL1",0.55902212134624,1.19873864073433,0.923049912990834,-0.91114063902226,-0.849795648305592,-0.919874387743548
"TMEM198",0.759329356727109,0.77805175704906,1.17128780526032,-0.912324990366987,-0.911894674192856,-0.88444925447665
"STMN1",-0.750297031654894,-1.08726526967311,-0.825270582410255,1.06320891392141,0.513433348822812,1.08619062099404
"NIPAL3",-0.923048527154837,-0.843527883431541,-0.937347319039143,0.88829984109467,1.15327117702125,0.662352711509597
"EPB41L4B",-0.955246609070901,-0.850423271194243,-0.919204346394757,0.864280380829934,1.07427997570437,0.786313870125593
"AR",0.90235625586656,0.944086933623649,0.885635129502518,-0.931888123196802,-1.00340439558094,-0.796785800214981
"SLC38A10",0.988860380858661,1.08396068435672,0.618868952493623,-0.773815338976615,-1.07355361456192,-0.844321064170469
"ZNF367",-1.09144176544987,-0.53443010584097,-1.04627865791401,1.06886021168194,0.820463120234729,0.782827197288182
"MFSD14B",-0.905195308110239,-0.859136727778004,-0.960221286674232,0.758231776207169,0.904563764662824,1.06175778169248
"CARD19",-1.0694324076642,-0.872861293346053,-0.775972534216355,1.03291593104846,0.791802911882635,0.893547392295518
"IRS2",-0.859284789198487,-0.886911663392511,-0.912931056740927,1.22951396519901,0.947155867852096,0.482457676280817
"GNL1",-0.786607780092643,-0.735897375045504,-1.17368326108643,1.01713638281075,0.934385306319225,0.744666727094596
"HS6ST3",0.529317642948296,1.0594919529283,1.07328150678215,-0.760019908847814,-0.779573113056182,-1.12249808075476
"GPR157",0.963928582265357,0.962075084252297,0.805260183808605,-0.827946600886742,-0.950014392611399,-0.953302856828119
"ST8SIA6",-0.994724962049782,-0.962608080512839,-0.761929902883381,0.806025823025854,0.848325011977442,1.0649121104427
"MAOB",0.591867208181267,0.858207451862837,1.224425286925,-1.02836927421495,-0.85080911176057,-0.795321560993577
"PODXL_ENST00000378555",0.735460229145527,0.713610360735809,1.23959618065379,-0.868548974947016,-0.945187920798304,-0.874929874789812
"TPD52",1.09609320161639,0.875113510972726,0.710533293740341,-1.0679043200963,-1.01337126015013,-0.600464426083032
"PCNA",-0.949373993501617,-0.947863469237523,-0.758151326152789,0.634514071268375,0.709709066163779,1.31116565145977
"C4orf46",-0.937877388153513,-0.964066995949872,-0.814096536590189,0.692493256723408,0.986394938831142,1.03715272513903
"TMEM170B",-0.842412529192753,-0.906987421196965,-0.930312287371505,1.03700022525385,1.11936032771615,0.523351684791228
"NEDD9",-0.65613512121258,-0.794966600073612,-1.17429276182657,0.913206658594557,1.21582390995518,0.496363914563034
"MBTPS2",-0.908932084096944,-0.694269905604611,-1.08756975665796,0.68517571327302,0.883738562805702,1.12185747028079
"RPS6KA3",-1.10116968142021,-0.626224647824783,-0.962753200557791,0.874869573189643,1.07401280139418,0.741265155218955
"REEP5",-0.927135265500298,-0.818088690092062,-0.958956994154386,0.629502876923118,1.07692535342582,0.997752719397806
"GDI2",-0.943329759307875,-0.802990838005522,-0.958978256463124,0.65397670155962,0.941850066558409,1.10947208565849
"CALML5",0.959066423133644,0.831373971664168,0.932292199438431,-1.02222613031209,-0.970737238590531,-0.729769225333617
"HAUS6",-1.00220087353542,-0.850677358214704,-0.880034361485838,0.982220759061321,0.886800070395441,0.863891763779205
"SLC7A1",-0.802319483361437,-0.804833203255778,-1.00631868128482,1.14595458233364,1.12480507191529,0.342711713653107
"ZDHHC21",-1.05767912052291,-0.767664989097809,-0.835115025714002,0.856182135577606,1.24406878600539,0.560208213751721
"SLC5A3",-0.801359422665075,-0.977289524272326,-0.875908603295281,0.924651222959736,1.24194424140646,0.487962085866484
"NUP58",-0.88754008679671,-0.674487238072902,-1.02538506836942,0.301372242064281,1.11053925900012,1.17550089217463
"AK3_ENST00000381809",-0.950812545605691,-0.842116945456518,-0.896762120902808,0.590699684770346,0.925394031691105,1.17359789550357
"MCM5",-0.865730988006989,-0.917184630241733,-0.947690445752196,0.782889821259064,0.946939019124507,1.00077722361735
"RAD1",-1.11865411110153,-0.685450405985213,-0.898703205153139,0.910515443502872,1.03014071133028,0.76215156740673
"RSAD2",-1.01164004594453,-0.860938882469145,-0.808224636841406,0.59181438017485,0.886444875324494,1.20254430975574
"CDH18_ENST00000382275",0.974910639203186,0.594759746607893,1.11257622122935,-1.09380412503151,-0.793216731893079,-0.795225750115837
"NYNRIN",-0.903761611371997,-0.888052146071487,-0.840923750169958,1.11293314184828,1.14324455514562,0.376559810619542
"FILIP1L",0.891348738596988,1.03676479339591,0.777763296602902,-0.721915812669217,-1.12704965117075,-0.85691136475583
"LOXL2",-0.816638573111898,-1.01670476260015,-0.818068552969109,0.664831474835322,0.665475511564906,1.32110490228092
"RTF1",-0.732851066064373,-0.965470278204308,-1.02001372071019,0.778311974357405,0.932902645198908,1.00712044542255
"ABCA12_ENST00000389661",0.780336260949816,1.19465653052251,0.704344115850943,-0.673617676017285,-0.967118396209229,-1.03860083509676
"ACSL3",0.691685638481334,0.938425524252512,1.07543474744626,-0.994866589306241,-0.980633748455286,-0.730045572418581
"RP1-206D15.6",0.785124608810201,0.843987309003591,1.08779147666224,-0.986308013492772,-0.771247729401453,-0.959347651581807
"PKIB",1.1537575470819,0.751407452122272,0.790403392099119,-1.01945853186188,-0.704778876806957,-0.971330982634457
"OAS2",-1.06869113098148,-0.956146159348572,-0.579190027480125,0.404029289718774,0.988223856165279,1.21177417192612
"SDK2",1.0699212155791,0.570685467075224,1.04630111256173,-0.869444624284933,-0.791854452476511,-1.02560871845461
"SERPINA3_ENST00000393078",-0.925213089345501,-0.91957858750422,-0.838444866735333,0.674915554303184,0.755988615978955,1.25233237330292
"SERPINA3_ENST00000393080",-0.780543781622797,-0.930635020816235,-0.910682430443327,0.473525566629516,0.788311361988055,1.36002430426479
"MTPN",-0.953443089411876,-0.841341448709952,-0.936015486095505,0.799015612416701,1.00225424655525,0.929530165245381
"MAF",-0.987795657353854,-0.874692147189594,-0.8717953730898,0.960259060702841,0.845370930780672,0.928653186149737
"SFXN3",-0.882675628833418,-0.887763946880186,-0.92821115694263,1.19992197510255,0.813692701921702,0.685036055631986
"P2RY2",-0.842788682507861,-0.725480035924653,-1.12634672829207,1.08577347101127,0.908437140488757,0.700404835224552
"KRT80_ENST00000394815",-0.944332312026449,-0.841557586052905,-0.946555623645706,0.858438653374463,1.0117763311511,0.862230537199492
"C5orf24",-0.828598209866807,-0.981804267402288,-0.891976926956964,0.920628178145572,1.13478911274588,0.646962113334609
"PML",-0.837497280563905,-0.96233656782672,-0.85581054695648,1.30604847384457,0.783489614731077,0.566106306771457
"MVP",-1.0091978122358,-0.736852191555936,-0.867121269209956,0.532371898367957,0.695155953737646,1.38564342089609
"QPRT",1.13828973061494,0.749121662860957,0.824507387730973,-0.96596015189994,-0.927915679212076,-0.818042950094852
"PURB",-0.746985689200532,-1.0379490941172,-0.875996634896396,0.883024157781718,1.23326103445391,0.544646225978501
"TRPS1",0.946250040497155,0.512206985037482,1.18655604852753,-0.940181816798947,-0.631992226368514,-1.0728390308947
"AREG",-0.587604875416873,-0.861261699801626,-1.23164627044664,0.916874880751709,0.889796348581852,0.87384161633157
"PANX2",-0.894167577236001,-0.952601744441663,-0.847816727320039,1.19298633557179,0.859436431220673,0.64216328220524
"ATP2A3",0.990814491822516,0.748956141453031,0.985529878059254,-0.935265179521968,-0.963017665286508,-0.827017666526328
"MET",0.825580814841527,0.952078550475382,0.951948996797101,-0.965594047441864,-0.788437013198091,-0.975577301474056
"TMEM123",-0.794350192038211,-0.870390590043738,-0.947890573837263,0.752034820811122,1.38662345218782,0.473973082920267
"TFF3_ENST00000398431",0.938731758704657,0.974461894020297,0.820288838717207,-0.963451673327821,-0.913204484974729,-0.856826333139613
"RAB1A",-0.958355427788938,-0.837757591237417,-0.938286499298832,0.951465496251416,0.939540306607695,0.843393715466076
"BAZ1B_ENST00000404251",-0.85160797989188,-0.889530741340162,-0.96344920018274,0.9768433083477,1.0967789127169,0.630965700350184
"PP14571_ENST00000404891",-0.723194014241878,-0.763881534060895,-1.19405824008018,0.675543462862132,0.99427777304818,1.01131255247263
"MEX3C",-0.904704721620539,-0.840460459467681,-0.890528054603125,0.511614198397368,1.34882375843016,0.775255278863818
"MATN3",-0.977008824792553,-1.02034704530519,-0.685724120532243,0.660271076955119,1.17310208862281,0.849706825052056
"TONSL",-0.845816920516978,-0.704855723648697,-1.13595278769261,1.0577496211566,0.97557596035145,0.653299850350244
"APOL6",-1.13168820445482,-0.98127860634448,-0.579385529109233,0.900822875320394,0.942752759189515,0.848776705398621
"LNPK",-1.08904527796537,-0.904708576572625,-0.684929491184863,1.19197391425648,0.757498390097398,0.729211041368985
"IL1R1",-0.979288573923532,-0.861464607884345,-0.823527368591094,1.06945668657803,1.11772904724626,0.477094816574687
"SUN1",-0.936626076300076,-0.889616198310494,-0.807053917091919,1.07625691838827,1.17187951266434,0.385159760649875
"LMBR1_ENST00000415428",-0.92795071596614,-0.81064844581517,-0.921949819138626,1.13410001110676,1.0636899846827,0.462758985130471
"SLC4A10",0.835805840096466,1.05110312294517,0.841279959145149,-0.879056800500913,-0.981457152870339,-0.867674968815532
"ECE1",-1.23675231589663,-0.743703333476748,-0.69198507105235,0.9100349982071,1.05047344261166,0.71193227960697
"PDZK1",-0.883052014480874,-1.01645349270475,-0.810826072511861,0.672256844480813,0.999050635646605,1.03902409957007
"AGR2",0.99095646209385,0.830386590096316,0.882361358257734,-1.13729316228573,-0.904951257493258,-0.661459990668905
"AKR1C2_ENST00000421196",1.1349877004405,0.922470468393657,0.636581055414117,-1.02867468659109,-0.905909935054897,-0.759454602602286
"AF011889.5",0.529480360262363,1.20976296054139,0.931151746314354,-0.863389134913811,-0.829325695539262,-0.977680236665034
"DSCAM-AS1_ENST00000422749",1.13367969730547,0.747581050601496,0.830129329282889,-0.915441164504473,-0.987499422709824,-0.808449489975558
"UBE2W",-0.933895134602631,-0.939206605447305,-0.85437002962388,0.950795269108411,1.01772400054248,0.758952500022923
"RAD51",-0.836607041427759,-1.05368284019227,-0.779807596172728,1.11351500196987,1.03358624553765,0.522996230285242
"ATF5",-0.859316363257645,-0.940051057996112,-0.928792986132639,1.05592607938445,0.804029190314667,0.868205137687276
"RP11-524H19.2",1.08708376252192,0.63120992662563,0.981882108084313,-0.981882108084313,-0.946814889938445,-0.771478799209103
"MYH14",-0.759038284603428,-1.11196189915146,-0.823706912290486,0.919368425656008,1.09714074207819,0.678197928311173
"CALCR",0.933536823872728,0.842748122350202,0.925684812781506,-1.05205497183804,-1.04113227869962,-0.608782508466775
"HMGCLL1",0.527957904176734,0.952369357865249,1.19457189335604,-0.873871063463422,-0.930088694679789,-0.870939397254809
"GBE1",0.565355625099135,1.12318237319308,0.974983625192,-1.14911596469722,-0.780241430908595,-0.734164227878404
"ZNF652",-0.807211407587359,-0.943287163056278,-0.961622469797595,0.703933978861118,1.10890434442663,0.899282717153486
"AC079613.1",1.35379755656266,0.609100084071998,0.665303666901483,-1.02870978863439,-0.889662124714247,-0.709829394187507
"AKIRIN1",-0.840266512311606,-0.743644342189639,-1.08333214223861,0.936538191258481,0.555059472861649,1.17564533261973
"SUMF2",0.767269701988463,0.630016951644822,1.23851295742821,-1.03491747987403,-0.547463289685775,-1.05341884150169
"TNIK",0.869224221405293,0.882532659529394,0.959481658158891,-0.785318750576754,-0.771033802317761,-1.15488598619906
"GPD2",-0.839255644894609,-0.937514918457935,-0.940249038704687,0.909765271558692,1.09321952863601,0.714034801862531
"NCOA7",-1.11218439857461,-0.887511308002771,-0.710858546710661,0.85709996112866,0.83243261184238,1.02102168031701
"TGFBI_ENST00000442011",-0.943499877153841,-0.824276777263992,-0.960641413762096,0.92004766135741,1.01810268919411,0.790267717628407
"DSCAM-AS1_ENST00000444046",0.89158153079149,0.555087206313911,1.21894978731106,-0.854819331399737,-1.04841888769443,-0.762380305322297
"CLDN9",-0.679749552328266,-1.0352787120715,-0.97443564035753,0.823624944234304,0.71203698302103,1.15380197750197
"PODXL_ENST00000446198",1.11058247248459,0.972586163139548,0.595644006556776,-0.855167248686793,-0.722430694936247,-1.10121469855787
"AK3_ENST00000447596",-0.988665932884648,-0.894406398060872,-0.764211961837743,1.26994467271065,0.885221659923516,0.492117960149098
"LMBR1_ENST00000448926",-0.93768523072665,-0.926520732740007,-0.825632668427885,0.602283473381535,0.904228690907254,1.18332646760575
"AC009133.22",0.735304090804226,1.00746952732671,0.968254773753792,-0.709125688374145,-1.00959078414622,-0.992311919364364
"ITGB4",-0.780736572249982,-0.953694797910569,-0.959855450232043,0.735107173069522,0.755961615793243,1.20321803152983
"RNF223",-0.841303095022107,-0.90445477617091,-0.977959606906799,0.738210363436932,0.963668547855742,1.02183856680714
"NAALADL2",0.930447598804283,0.747649385343725,1.04070422700517,-0.779252263465086,-0.924701066974657,-1.01484788071343
"DSCAM-AS1_ENST00000455354",0.763691342879736,1.08090538482976,0.852805226747661,-1.12488779957095,-0.884667904606859,-0.687846250279355
"CLSTN2",-0.781012557509681,-0.769886207967049,-1.12043173774891,1.07692699628243,1.0328861887245,0.56151731821871
"TSC22D1_ENST00000458659",-0.851053721371769,-0.922080836554239,-0.942767697010829,1.09058914538877,0.927672917952032,0.697640191596038
"AKR1C2_ENST00000460124",1.38088432458384,0.648344723092328,0.592081280234417,-0.921978681160424,-0.730630852851069,-0.968700793899096
"CNOT11_ENST00000462489",-0.904049292981743,-0.982283848546055,-0.80258084081776,0.878436450500929,1.19081911054641,0.619658421298216
"ADCY5",0.871931314512236,0.906145885943914,0.932954780713539,-0.878789061890048,-0.69543670667663,-1.13680621260301
"WDR82",0.45341582266474,0.849963877000299,1.32281466715634,-0.8869052923929,-0.976818731916711,-0.762470342511772
"CBR1_ENST00000466328",-0.926225170953805,-0.717925651038119,-1.05089396014172,0.804846668820279,0.735207462359842,1.15499065095352
"KLF6",-0.962359153081478,-1.01310387683983,-0.745738397303566,0.901728660883739,0.802487871731505,1.01698489460963
"HIGD1A",0.544003879099189,1.32570292861006,0.748664109736726,-1.12266300759336,-0.688145199389765,-0.80756271046285
"ARMCX3",0.751222276088485,1.0851063287965,0.883474308420117,-0.980136810529873,-0.913394798067234,-0.826271304707997
"SELENBP1",1.27614216923257,0.691551701495918,0.70526983543815,-0.964723516401933,-0.909247815780981,-0.798992373983723
"LRRC75A-AS1",0.564216201952455,1.16896499483719,0.923461100082034,-1.15543944430365,-0.733940045744364,-0.767262806823672
"CNKSR3",0.939819965439545,0.7558643328352,1.01445140611328,-0.825539666186523,-0.770645705551163,-1.11395033265034
"SERPINA3_ENST00000482740",-0.925631485212687,-1.00107586320424,-0.781767547722671,0.733058518463424,1.1315540211258,0.843862356550374
"FAM199X",-0.759856269736056,-0.956054770801241,-0.912450219054788,1.17797807673225,1.06912056992311,0.381262612936726
"TOB1",0.935935186270869,1.0832673324799,0.682013583973884,-0.970375221103608,-1.01688254214263,-0.713958339478406
"ANKRD50",0.673393021751613,0.600489103267143,1.34066611962517,-1.05820374281679,-0.60836388052565,-0.947980621301486
"LINC00504",0.81906720313678,1.17819715189581,0.695143342747642,-0.963474692019313,-0.732428686938422,-0.996504318822495
"TGFBI_ENST00000506699",-1.05386930127519,-0.667465119484223,-0.932861495061949,0.912646096813097,1.20558713826855,0.535962680739716
"TTC39B",-1.04646299840265,-0.920495357076733,-0.743889881374005,0.797525797055976,1.09410677035004,0.819215669447376
"CNOT8_ENST00000517876",1.15591107528111,0.564035445662995,0.943531453282426,-1.10371249478456,-0.677739330310525,-0.88202614913145
"TFF3_ENST00000518498",0.766850605085766,0.827436134381256,1.09644691064573,-1.06911051239421,-0.994204149177243,-0.627418988541296
"MTSS1",0.788571277610258,0.918495694957701,1.02219358773486,-0.932321225597272,-0.952888936278466,-0.844050398427084
"SLC25A30",-0.918604946826603,-0.94316499857154,-0.872086972388882,0.812811259401732,0.950555494691584,0.97049016369371
"LYN",0.789790809956034,1.336274451427,0.508644074589808,-0.76952774983133,-0.943951689954418,-0.92122989618709
"MGAT4B_ENST00000519836",-0.74391868777239,-0.943781280135722,-0.951914313131039,0.424689319138754,1.01687078571997,1.19805417618042
"CA2",0.700356810324384,0.820647636552326,1.17611748741159,-0.921205694079587,-1.00463346826068,-0.771282771948034
"G3BP1",-0.596504193659765,-1.03597951955534,-1.05433680309415,0.74021882213914,1.0648161603593,0.881785533810815
"NAT1",0.803836425710915,0.778903280109395,1.11386956880556,-1.12431640295258,-0.842322291497677,-0.729970580175611
"MGAT4B_ENST00000520969",-0.897231704500303,-0.982352284209431,-0.743897813913558,0.37018349952921,1.14741999548263,1.10587830761145
"MYBL1",-1.0463505193085,-0.870174417377654,-0.797161082014366,0.776254946136032,0.840088242257737,1.09734283030675
"MFAP3",-0.750972995259246,-0.792240364465902,-1.13323495102457,1.19361408767233,0.735937411546365,0.746896811531034
"SORBS3",-0.74463758946614,-0.929815427961593,-0.981447594861493,0.553667073894306,1.27637062058335,0.825862917811573
"COX6C",1.35119059003163,0.40267033712321,0.857969828067039,-0.853340005091001,-0.850139192723486,-0.908351557407388
"C6orf141_ENST00000526429",0.949193052909869,0.620576306936562,1.12268558825797,-0.945451000390287,-1.00312773266124,-0.743876215052878
"EID1",0.965345666115103,1.139146128582,0.547726176085276,-1.11793652758436,-0.914887169106494,-0.61939427409152
"KIAA1147",-0.945395070348472,-0.810119372366783,-0.901430468504423,0.956165270502781,1.22239798980809,0.478381650908804
"PP14571_ENST00000538012",-0.794100578233141,-0.951462888006923,-0.932576720017615,0.995582467590732,1.14765984567205,0.5348978729949
"SOAT1",0.661399357092529,0.899168185817036,1.14366571645945,-0.840505653620048,-0.893876008356207,-0.969851597392762
"AP000439.3",-0.812341341786857,-0.797059629297372,-1.03973803676819,0.548862157158437,1.29191436948181,0.808362481212167
"LATS1",-0.943558890462646,-0.867989097112484,-0.856296302858996,0.977209062456483,1.19099586066207,0.499639367315578
"TM7SF3_ENST00000543655",-0.9688684802369,-0.970419630818873,-0.695784338305393,0.870212970666171,1.28294731612054,0.481912162574453
"EVL_ENST00000544450",0.925267252764759,0.743147382827891,0.996245348204254,-0.528449398962708,-0.929991053658538,-1.20621953117566
"TM7SF3_ENST00000545344",-1.09398707098888,-0.841389664898398,-0.766268402416398,0.682187909902363,1.05218072063508,0.96727650776623
"CCND1",-1.00521740183305,-0.681253768000304,-1.02499558865957,0.997806970076349,0.930591798721745,0.78306798969483
"VDR",-0.95318117116228,-0.841945712279979,-0.940408259001926,0.961763036549914,0.880424682426135,0.893347423468135
"KRT4",-0.971458382502915,-0.73023294721351,-0.971458382502915,0.556302707663314,1.17946841549428,0.937378589061751
"ALDH6A1",1.13486591015733,0.930322753847333,0.602964606257446,-1.15132210993288,-0.698910799077974,-0.817920361251255
"SERPINA3_ENST00000553947",-0.866972477580143,-0.909929542261085,-0.885490394613725,0.47517688057358,0.99731459836606,1.18990093551531
"RP4-773N10.4",-0.959565815799799,-0.866101612962157,-0.903487294097214,0.928411081520585,0.778868356980356,1.02187528435823
"C14orf132",-0.838909264870893,-0.890966033780438,-0.967462511331049,1.09291210219226,1.00822167907633,0.596204028713789
"PRKCH",-0.935339591319674,-1.0011861761356,-0.765068130574052,0.645289194048372,0.969653704817463,1.08665099916349
"EVL_ENST00000555848",0.652749050799594,0.991164169771033,1.04740818502246,-1.03508772363308,-0.988564276211879,-0.667669405748126
"TMPO_ENST00000556029",-0.914302471905359,-0.775844151578601,-1.01993788937863,1.07824985210299,0.698064412404506,0.933770248355087
"RFX7",-0.848492496236607,-0.973617626261135,-0.90866399391982,1.02064786522247,0.8902127025581,0.819913548636994
"LINC00052",0.943594891598881,0.680852947477745,1.08461457912152,-0.968335187655485,-0.9623975166019,-0.778329713940765
"MON1B",0.752717371544511,0.901077739898412,1.0506613742798,-1.07150534292645,-0.681943559350052,-0.951007583446226
"SRGAP2",-0.737189548760868,-1.15647693852747,-0.770909280228047,0.71186051773307,1.21249076682097,0.740224482962346
"C16orf72",-0.837176262180231,-1.05357718386792,-0.823285494821914,0.713654151100356,0.975291423649313,1.0250933661204
"FAM220A",-0.736856800722583,-0.868896004196583,-1.09869262135941,0.706676143344262,1.00031422193103,0.997455061003289
"TBKBP1",1.34645987732276,0.766938155886767,0.519699664245055,-0.775114969791329,-0.959900895099896,-0.89808183256336
"SLC16A6",-1.01853446556567,-0.733639217441327,-0.969819317490365,1.00043975935946,0.837765325885215,0.883787915252679
"GREB1L",0.501013607314296,0.818220394803756,1.32151790692933,-0.95061176557857,-0.868961402164545,-0.821178741304265
"FMNL1",-0.775728524692727,-0.788547447583755,-1.14260950921568,0.885037067789098,1.02929915293429,0.792549260768776
"BCAS3",-0.576651622741148,-0.915894494480311,-1.17252562812656,0.884472159166988,0.68265178700623,1.09794779917479
"AKR1C2_ENST00000604507",0.426052850966752,1.41791347121175,0.744674427023517,-0.843150913725067,-0.774792102861979,-0.970697732614971
"RP3-325F22.5",1.01991853502039,0.635446626531025,1.05195786072783,-0.934480333133861,-0.838362356011521,-0.934480333133861
"PPM1K",0.660434717797572,0.863094746244696,1.16878346379273,-0.900986110065488,-1.03100889779382,-0.760317919975687
"SRRM3",-0.842411259781442,-0.970784892029915,-0.922085129510797,0.907951412390225,0.870444658389918,0.956885210542008
"PLCD3",-0.647307164836486,-1.0592352854224,-0.983530784606283,0.674179796411981,1.05917983698177,0.956713601471412
"EXOC5",-0.786213160839904,-0.924418803978924,-1.00820887698616,0.909039234612516,1.05785560439612,0.751946002796357
"RP11-295K3.1",0.929092014699001,0.644305374902073,1.13048785366646,-0.966075372645072,-0.855439684483883,-0.882370186138586
"RP11-40A7.2",-0.9112386348805,-0.782880923090626,-1.03414971891079,0.97269130420168,0.870024094549957,0.885553878130282
