"","logFC","AveExpr","t","P.Value","adj.P.Val","B"
"ENST00000394815.3",-2.33056923239059,7.58728471990415,-26.7292028066555,2.45274731447953e-07,0.00867908453170641,7.7578023037002
"ENST00000083182.8",-0.828792724689931,8.84754835550736,-24.6957976787612,3.88173528423485e-07,0.00867908453170641,7.59718889714172
"ENST00000321867.6",-1.27271812172481,6.99438699919821,-23.1697572048336,5.61773719795133e-07,0.00867908453170641,6.98791513940772
"ENST00000393085.4",-1.13317293592273,7.19196698641507,-20.8622276381493,1.03077482191807e-06,0.00867908453170641,6.52334687150712
"ENST00000219789.11",-1.42556859423915,6.21749862976494,-21.6661138909371,8.28375589049839e-07,0.00867908453170641,6.44601741097014
"ENST00000249330.3",1.4316380727996,6.87162002238977,20.593914292357,1.11083141450203e-06,0.00867908453170641,6.39275599660805
"ENST00000369448.4",1.58887171091098,5.41557252634479,21.9217945659278,7.74022229866834e-07,0.00867908453170641,6.15656431325866
"ENST00000371711.4",-1.23883121667124,5.92129675754938,-19.7355444885802,1.42041778241808e-06,0.00943569772126338,5.95406544529784
"ENST00000295628.4",-1.9190630460394,5.69918685902,-19.2034137588537,1.66303463983593e-06,0.00943569772126338,5.72663211515529
"ENST00000370053.3",1.35492038859802,6.1667695645304,18.2609005146894,2.22259753385726e-06,0.00997728107576095,5.6637978851154
"ENST00000265087.9",-0.762217194006605,8.23915702505759,-17.5776360371304,2.7680998769707e-06,0.00997728107576095,5.63214392932954
"ENST00000438166.7",-1.60102863358356,5.87426578522173,-18.2441466682101,2.23437718837678e-06,0.00997728107576095,5.57530183286614
"ENST00000422749.5",1.08538452944388,9.49328201477458,16.9311466771719,3.43346573798384e-06,0.00997728107576095,5.26573081229834
"ENST00000681657.1",-0.830683494148931,6.90733930533043,-16.4960797853284,3.98704651345567e-06,0.00997728107576095,5.2606662993366
"ENST00000266732.8",-1.21556524708247,5.23723635202824,-17.1609724179843,3.17750396201603e-06,0.00997728107576095,5.13387025182692
"ENST00000398431.2",1.16919216640909,5.40293383247365,16.7161887675351,3.69491162866039e-06,0.00997728107576095,5.07092398759027
"ENST00000442011.7",-1.12076151096762,5.7088278251475,-16.3148506369879,4.24797129507338e-06,0.00997728107576095,5.03358268049504
"ENST00000397041.8",0.655920132406859,8.94881844731442,16.0194310769609,4.71732269582452e-06,0.00997728107576095,4.99775932482978
"ENST00000518547.6",1.6144883721114,4.89493559074084,17.1262059791481,3.21475506536937e-06,0.00997728107576095,4.98570466384304
"ENST00000301071.12",-1.19018166426226,6.45800402294757,-15.4219211647563,5.86502382263783e-06,0.00997728107576095,4.86154767391528
"ENST00000360612.5",0.667779218345575,7.51793804233165,15.2848691496723,6.17244851805439e-06,0.00997728107576095,4.84192172502212
"ENST00000423777.7",-1.17351562027588,5.39978618236011,-15.860373941871,4.99500745370222e-06,0.00997728107576095,4.82946129049635
"ENST00000327741.9",-1.36831104286036,6.67631466119025,-15.2054837716182,6.35911484329183e-06,0.00997728107576095,4.80034452249933
"ENST00000290271.7",-1.47127111616806,5.4004889996343,-15.5754625895227,5.54160897586489e-06,0.00997728107576095,4.73560141532801
"ENST00000313234.9",-2.1166589719221,6.80802873044757,-14.8533295722325,7.27085309056802e-06,0.00997728107576095,4.67280276240905
"ENST00000284031.13",0.963576353721121,6.36277161082159,14.782575603695,7.47197463134982e-06,0.00997728107576095,4.63086907032913
"ENST00000375344.8",-1.04914012418431,5.90798443546162,-14.8942346042679,7.15746246013453e-06,0.00997728107576095,4.6213337785521
"ENST00000325404.3",0.987342036722302,6.30791551344655,14.7421691509488,7.58974278389567e-06,0.00997728107576095,4.6118111388096
"ENST00000262713.7",-1.03695149835033,5.39998210090025,-15.0782410796016,6.6722405038945e-06,0.00997728107576095,4.59599803047251
"ENST00000242719.4",0.722388265189684,6.83046194589001,14.6263002377111,7.93965631399227e-06,0.00997728107576095,4.59553121981208
"ENST00000266085.7",-1.42868140304218,5.3820451167723,-15.1207126434259,6.56576401237104e-06,0.00997728107576095,4.59446404757816
"ENST00000332290.4",-1.42328719250409,5.11554009274487,-15.298476274667,6.14109877973369e-06,0.00997728107576095,4.58420559188948
"ENST00000260356.6",-1.27939846476319,6.18625542019106,-14.6598553763308,7.83642166944049e-06,0.00997728107576095,4.56808452461744
"ENST00000374557.4",-1.29634079006914,4.88288357185961,-15.4123023297472,5.88600765611127e-06,0.00997728107576095,4.55649273912802
"ENST00000280098.9",-0.941992538910446,5.5692941217785,-14.725583174247,7.63871023717988e-06,0.00997728107576095,4.51500522890434
"ENST00000357244.7",-1.1893589097568,5.73034104937276,-14.5983771860983,8.02677479948588e-06,0.00997728107576095,4.49276912796281
"ENST00000237853.9",1.48055586747325,4.31116712695908,15.948950061967,4.83808504757361e-06,0.00997728107576095,4.48198699058142
"ENST00000361170.7",-0.943793476385697,6.07102191553505,-14.3799579751892,8.74811112981839e-06,0.010179823274724,4.4597077982978
"ENST00000221930.6",-1.35018742229877,4.47566374357728,-15.4402543404851,5.8252706986981e-06,0.00997728107576095,4.42482784171036
"ENST00000330374.7",-1.62888153679637,4.61599273210112,-15.1913989604453,6.39291799166093e-06,0.00997728107576095,4.39153661595802
"ENST00000355710.8",1.62605114079332,6.72220113738237,14.0435094816054,1.00127632522732e-05,0.010515840057749,4.36459703954366
"ENST00000398529.7",-1.20346717279822,4.66855462694992,-14.905857882207,7.12561964512918e-06,0.00997728107576095,4.35073673295947
"ENST00000272895.12",1.56804313785541,6.49796003789722,13.962663520415,1.03476919881916e-05,0.010515840057749,4.32580659511572
"ENST00000303575.9",-0.973859652248269,6.04259087503915,-13.9192944138621,1.0532740832735e-05,0.010515840057749,4.28544387623611
"ENST00000307662.5",-1.58320020208972,4.12353547633234,-15.4566858377478,5.78990820139632e-06,0.00997728107576095,4.27586338320668
"ENST00000264893.11",-1.30692169174821,4.893458964676,-14.4071414529746,8.65433373269106e-06,0.010179823274724,4.26009407517709
"ENST00000471229.7",0.896843246392578,6.34774480349105,13.6576934801473,1.17344586726084e-05,0.010515840057749,4.20235891789807
"ENST00000257770.8",-2.95633238111483,3.53470390604094,-17.2712806466222,3.06260656488133e-06,0.00997728107576095,4.20185260401391
"ENST00000367558.6",1.58370478519826,4.5135751079567,14.6072802346644,7.99887716315643e-06,0.00997728107576095,4.19854944490702
"ENST00000310447.10",-0.813417582082455,5.84998452812555,-13.6691148105031,1.1678761141503e-05,0.010515840057749,4.17460725583603
"ENST00000250383.11",-1.28466913681795,4.70154930928469,-14.2445406131381,9.23331547338207e-06,0.0103058875483717,4.15918065110541
"ENST00000259874.6",1.00853694819433,6.8749167089027,13.5330429793446,1.23629216238062e-05,0.010515840057749,4.15713174909086
"ENST00000371429.4",-1.21022385397947,4.50476554521489,-14.3131653325386,8.98361264662902e-06,0.0102360779764466,4.12594954694854
"ENST00000266744.4",2.09550406884996,6.29880471760343,13.4122043807174,1.30099479784458e-05,0.010515840057749,4.09309168680336
"ENST00000560153.2",1.6080726211242,5.67931654536309,13.506684081553,1.25007978960583e-05,0.010515840057749,4.08492981756731
"ENST00000307365.4",-1.18669296949203,4.78887634503736,-13.8874018582292,1.06712865667843e-05,0.010515840057749,4.07126782871073
"ENST00000295228.4",-0.889906459380331,6.69340587281825,-13.2978160326232,1.36590954777411e-05,0.010515840057749,4.05940804605302
"ENST00000262138.4",-0.690525604989586,8.60823916305392,-13.6006463121203,1.20173380225792e-05,0.010515840057749,4.03207427435014
"ENST00000269593.5",-0.666879336745984,7.43837265739788,-13.282980437426,1.37460239831151e-05,0.010515840057749,4.02246570212959
"ENST00000271588.9",-0.93879720783968,5.44852457601092,-13.3640968112591,1.32784724258535e-05,0.010515840057749,4.01301129227418
"ENST00000453464.3",-0.946454521601776,5.67973671937959,-13.2416728546932,1.39914836208938e-05,0.010515840057749,3.99164408997305
"ENST00000272542.8",-1.03205362366552,5.49527125551979,-13.2066070767555,1.42038710985193e-05,0.010515840057749,3.95729388150581
"ENST00000555004.3",-0.869813199517854,7.05196663412542,-13.0802418647421,1.50010629981794e-05,0.0107781891369327,3.95585148454402
"ENST00000377411.5",0.811479602234852,5.74016039131167,13.1237676474806,1.4720722711414e-05,0.0107347435537688,3.95182082167233
"ENST00000394976.4",-1.51091469779958,4.79182605789726,-13.3386494090195,1.34231249351327e-05,0.010515840057749,3.87520626853609
"ENST00000361729.3",-1.3383261868468,4.00949612945365,-13.9796226524651,1.02763635949121e-05,0.010515840057749,3.85721652377102
"ENST00000256383.11",-1.02464499463325,5.65814911971262,-12.8998821488861,1.62310775443534e-05,0.0110963761631972,3.8525662968909
"ENST00000458659.3",-0.840163997205965,5.98412713960079,-12.7921588179415,1.70217630164488e-05,0.0113531007670197,3.83079991311804
"ENST00000369838.6",-1.50217231240958,3.91489737387119,-14.0165066923779,1.01232040233554e-05,0.010515840057749,3.82452824389758
"ENST00000301258.5",-1.21231120244675,4.2624889824736,-13.5288643861811,1.23846599633179e-05,0.010515840057749,3.81086742049802
"ENST00000371194.7",1.04104513307215,4.90790250458473,13.0034299570302,1.55111250114698e-05,0.0108332509018414,3.79338113423164
"ENST00000336219.4",-1.02582175030413,4.71999092349537,-12.9833007016522,1.56481171148517e-05,0.0108332509018414,3.7488796102782
"ENST00000299413.7",-0.835224085936392,6.38564376213416,-12.4812929691747,1.95679824169186e-05,0.011632740155936,3.70380524392407
"ENST00000309007.9",-0.744760404523778,6.73136865490681,-12.4891351363782,1.94985119564767e-05,0.011632740155936,3.70091063834966
"ENST00000379638.9",-1.06338970374049,5.85852396999633,-12.4992778178692,1.94090880698136e-05,0.011632740155936,3.69870385135443
"ENST00000352251.8",-0.960367212202952,6.40361119973274,-12.3379829799576,2.08897578458701e-05,0.0121542833628333,3.63888654969547
"ENST00000549336.6",-1.21480353084801,4.01487810571939,-13.2136227703638,1.41610790536119e-05,0.010515840057749,3.63471736950062
"ENST00000166345.8",-1.86807189463916,4.47589664937727,-12.8040125603265,1.69325924589134e-05,0.0113531007670197,3.59804738053976
"ENST00000393078.5",-1.23554117646656,7.63827193725859,-12.3962049837079,2.03405895778284e-05,0.0119620163998988,3.59759345986201
"ENST00000499247.3",0.751946940624545,8.18511165011635,12.542179214695,1.90360922672497e-05,0.011632740155936,3.59429184760289
"ENST00000559447.8",-0.975645877141897,4.83082807516706,-12.487469184957,1.95132458411519e-05,0.011632740155936,3.58498423687691
"ENST00000264220.6",-1.8289794163578,3.96531297421886,-13.2026190664805,1.42282630782094e-05,0.010515840057749,3.58461437004116
"ENST00000249014.5",-0.992126557224815,4.73363617586381,-12.4951131679525,1.94457481283179e-05,0.011632740155936,3.57061603629884
"ENST00000315691.8",1.10265216792635,4.45390970392452,12.5633137370911,1.88554184984764e-05,0.011632740155936,3.53768473735745
"ENST00000397752.8",0.896645554682598,5.23830302920241,12.2139012206321,2.21188369826737e-05,0.0127339308658567,3.53129234581727
"ENST00000359930.8",0.820175409591397,6.36192712980323,12.0973062331843,2.33511777385257e-05,0.0130029467153814,3.52817230227269
"ENST00000289382.8",-1.00208794793574,5.70735730807733,-12.0886734327936,2.34455598475527e-05,0.0130029467153814,3.51208650882162
"ENST00000259241.7",0.797446436833421,7.76232509742651,12.0803380872087,2.35371119144071e-05,0.0130029467153814,3.42170921554904
"ENST00000673974.1",-1.63995605979958,3.96296458262072,-12.5913836934191,1.86185364842987e-05,0.011632740155936,3.397529180972
"ENST00000421196.7",1.41508210909478,5.46923017472395,11.8640136490921,2.60654312497274e-05,0.0137323996629126,3.39513355982611
"ENST00000261667.8",-0.895557474703409,5.35517092890188,-11.8202131566745,2.66151240449926e-05,0.0137323996629126,3.37167844036842
"ENST00000303383.8",-1.85916864147593,3.10231844072004,-13.5618448364856,1.22142900481395e-05,0.010515840057749,3.34875413709607
"ENST00000373883.4",1.85718626184686,3.14303177315914,13.3566688030745,1.33205072878835e-05,0.010515840057749,3.31698067317678
"ENST00000381809.8",-1.58523573076803,4.50716597679277,-11.9799491277629,2.46731178281447e-05,0.013380097047925,3.31145517961376
"ENST00000636615.1",0.894447816374065,6.24946134651354,11.595101970138,2.96625667637243e-05,0.0144848669771572,3.2908738064638
"ENST00000261636.13",-1.09279214386217,4.39078931027245,-11.9070943668204,2.55376307019728e-05,0.0136931774348264,3.27454850690445
"ENST00000369026.3",-0.612652761225836,7.88577524298632,-11.8227427703339,2.65830124975357e-05,0.0137323996629126,3.27294515269075
"ENST00000359534.4",-1.54061464873823,3.63468587525265,-12.4920885285517,1.94724236397694e-05,0.011632740155936,3.26793904306873
"ENST00000254322.3",-1.43163975862154,6.10863018780492,-11.5348247089112,3.05463429554236e-05,0.0145273094688524,3.26382821920002
"ENST00000361786.7",-0.973539282137954,5.16980782975899,-11.5536469746868,3.02671211747548e-05,0.0145207841341201,3.23739304476774
"ENST00000648791.1",-2.27121231614881,4.96869512941676,-11.6269635578495,2.92074630558712e-05,0.0144848669771572,3.2211780339674
"ENST00000323116.10",-1.0511977411157,4.53268177219074,-11.6895422026437,2.83370620894149e-05,0.0144842112130307,3.21421064602582
"ENST00000380191.9",-0.656977609059547,7.68051262999303,-11.6078143315252,2.94800030098451e-05,0.0144848669771572,3.18874425666732
"ENST00000339594.9",-0.799294944789906,6.48904436462831,-11.390653039935,3.27874880230527e-05,0.0151432665897237,3.18180740462248
"ENST00000392491.6",1.10891281014031,5.78559160999809,11.3060872744536,3.41910393381044e-05,0.0151432665897237,3.15142044917182
"ENST00000369800.6",-0.700953061351473,5.81765870944044,-11.2656282605857,3.48872155032762e-05,0.0151432665897237,3.13245272224122
"ENST00000378555.8",0.814759542288689,8.10137746924087,11.6059358266378,2.95068978706552e-05,0.0144848669771572,3.13002377359573
"ENST00000014914.6",-1.3497137998755,6.91961129745676,-11.3062493939304,3.41882824735143e-05,0.0151432665897237,3.11643230306255
"ENST00000207549.9",-1.0957555157412,5.0778369741749,-11.2678563075033,3.4848450841972e-05,0.0151432665897237,3.09881117952249
"ENST00000331243.4",0.827412248773021,6.38592864203159,11.1904669152823,3.62248077685723e-05,0.015380644680643,3.08460160801702
"ENST00000382011.9",-0.770240536408145,5.34217940322832,-11.1915288605945,3.6205497737568e-05,0.015380644680643,3.08312853765203
"ENST00000274170.8",2.46953428134544,2.63390567710724,13.5968183209803,1.20366029345198e-05,0.010515840057749,3.07371829527276
"ENST00000621441.5",-1.208148218272,4.0263520937673,-11.5727921458385,2.99861537520431e-05,0.0145132984159889,3.06225805002561
"ENST00000301019.9",-0.789349619268398,5.96297893323012,-11.1233365167322,3.74701809970971e-05,0.0155251449931306,3.06174966918622
"ENST00000337435.9",-0.973718626382147,4.56729544194077,-11.2955478368647,3.43708206097557e-05,0.0151432665897237,3.05465252665214
"ENST00000303887.10",-0.74070640009419,7.50858408738921,-11.2834730353105,3.45781464829394e-05,0.0151432665897237,3.03942103204725
"ENST00000430262.3",-0.993562984746307,4.81897624244064,-11.1867112431675,3.62931958046521e-05,0.015380644680643,3.03799768367287
"ENST00000698248.1",2.29527724442636,2.59923802100407,13.2739257322124,1.37993966448731e-05,0.010515840057749,3.00238472694878
"ENST00000404251.1",-0.859961514405703,5.3093693715702,-11.0092723311742,3.9702414149858e-05,0.0160844772939558,2.99378722859044
"ENST00000257836.4",-1.54492907373837,3.14860318591212,-12.1038263012809,2.3280187426341e-05,0.0130029467153814,2.97618025847509
"ENST00000217026.5",-0.684297691378124,7.62268529614185,-11.1721929114365,3.65589813589482e-05,0.015380644680643,2.96439864915093
"ENST00000354666.4",0.78891136001238,6.40507912459366,10.9250236515908,4.14508319265421e-05,0.0163095604296866,2.94577781641857
"ENST00000462833.6",0.760187579523007,6.4723594837882,10.8959809162603,4.20742148086447e-05,0.0164365925451028,2.92659953860694
"ENST00000671844.1",1.27570837536667,6.0297008240031,10.85396539743,4.29954644850369e-05,0.0165599150958848,2.92426339639386
"ENST00000249700.9",-1.24940942610222,3.55469167658532,-11.4947973889343,3.1150168362242e-05,0.0146867673109288,2.9115428059005
"ENST00000425460.6",-0.890487431875316,7.5674749841692,-10.9805280296721,4.02891202115505e-05,0.0162021511956626,2.86907797984702
"ENST00000380332.5",0.655152704122306,6.59876910427302,10.771492330264,4.48729538055374e-05,0.0168759265501848,2.85123848317394
"ENST00000247225.7",-0.982043458994122,4.82393546211318,-10.7636686074801,4.50559640029896e-05,0.0168759265501848,2.84243935023194
"ENST00000262644.9",-0.793390220985984,5.32463690850442,-10.6684076865716,4.73554198462912e-05,0.016927860276035,2.8263813000928
"ENST00000292591.12",-2.07176383588437,5.19038973111656,-10.6932235863417,4.67435064656412e-05,0.016927860276035,2.82274411528367
"ENST00000373202.8",-0.675465684707812,6.54263242467771,-10.7028980290807,4.65074487416175e-05,0.016927860276035,2.81832217571268
"ENST00000395842.3",-1.34252359189621,3.8238204377048,-11.0298537808361,3.92884278029872e-05,0.0160844772939558,2.79646363788149
"ENST00000415428.5",-1.24271395343478,5.67460951994138,-10.576548345926,4.97030592341742e-05,0.0175378046170029,2.78393595566071
"ENST00000450894.7",-0.753495466906729,7.21511263353886,-10.7507392633545,4.53603104948224e-05,0.0168759265501848,2.78338220881932
"ENST00000313766.6",-0.958209278430604,4.48482177903956,-10.6984392590439,4.66160705985827e-05,0.016927860276035,2.77600554147178
"ENST00000374399.9",-1.65222343094807,2.82705077642985,-11.8539885688207,2.61900689034402e-05,0.0137323996629126,2.7731845873823
"ENST00000370996.5",0.700652260511653,5.9271113672644,10.5617595007309,5.00935426117545e-05,0.0175622822597569,2.7719988269437
"ENST00000221132.8",-1.66768372955118,2.7317304316921,-11.9768583120492,2.47090945995836e-05,0.013380097047925,2.7715507705794
"ENST00000300456.5",-0.643561200914382,6.13269521793965,-10.478113937555,5.23704761402212e-05,0.0182436056118534,2.71954068456809
"ENST00000392097.5",1.1179628732202,4.12622311803286,10.6800158786985,4.70680308113864e-05,0.016927860276035,2.71311473246585
"ENST00000323482.9",0.819363771177923,5.55276113091868,10.400347407539,5.45960186369093e-05,0.0186622840705615,2.6915155217637
"ENST00000448926.5",-0.87478028498096,6.40727939334118,-10.4455606048455,5.32890060172935e-05,0.0184259282550247,2.68749489374724
"ENST00000297632.8",-1.0515586756321,3.7914500235838,-10.7377986084825,4.56673211699582e-05,0.0168759265501848,2.67576064046002
"ENST00000372764.4",-2.06909854165903,2.97977245296498,-11.3138172446037,3.40598776594584e-05,0.0151432665897237,2.63220595770968
"ENST00000395384.9",0.620023409073264,6.43229149647178,10.3242412794616,5.68812456892032e-05,0.019008062780048,2.6165484805309
"ENST00000455354.1",0.81521198730695,7.19911718768999,10.4358136924087,5.35676624103876e-05,0.0184259282550247,2.60742270008429
"ENST00000303221.10",-0.761739686130648,5.49429901003725,-10.2391181460908,5.95702108067326e-05,0.0194848295330152,2.60572621602525
"ENST00000337352.10",-2.37579606733865,3.34607476448236,-10.9650505385211,4.06092118167833e-05,0.0162116716254271,2.60481820378759
"ENST00000007699.10",-1.01952693728161,4.57128955317337,-10.3140626009957,5.71952371510847e-05,0.019008062780048,2.60142744450893
"ENST00000556029.6",-0.645781142225625,6.40856300864101,-10.2570435061979,5.89918884711721e-05,0.0194360503871406,2.5806936982186
"ENST00000393459.6",-1.33337569091131,3.32923193707627,-10.7768658552305,4.4747758924348e-05,0.0168759265501848,2.57455461803222
"ENST00000358432.8",-0.783846793447096,5.15287883549948,-10.1700864285841,6.18598164604493e-05,0.01978501217459,2.56468510765797
"ENST00000248121.7",-1.1805739929863,4.35728010189899,-10.1795006746605,6.1541621200575e-05,0.01978501217459,2.51073983772844
"ENST00000263025.9",-0.670399812391905,7.45192463243344,-10.3092202168152,5.73453221441512e-05,0.019008062780048,2.50022771151266
"ENST00000636672.2",-1.06489505793102,3.74404728242685,-10.3439041944916,5.62803438491817e-05,0.019008062780048,2.49516055674897
"ENST00000273261.8",0.901959459597542,5.60954583656446,10.0307891984875,6.67989411642138e-05,0.0207577709667794,2.49123908299731
"ENST00000555082.5",-2.09215167234268,3.08782328121065,-10.8033142385911,4.41374445336743e-05,0.0168759265501848,2.485152905285
"ENST00000358056.8",-0.957041937409488,5.74780708006284,-10.0096969039212,6.75861314378198e-05,0.0207735137930181,2.47651167812994
"ENST00000713574.1",-1.5016556558846,6.32748650805454,-9.99869854823776,6.80008787401077e-05,0.0207735137930181,2.44566825065137
"ENST00000377602.5",-1.2056651557108,3.75890120021304,-10.2195603438712,6.02087360323185e-05,0.0194848295330152,2.43927995794268
"ENST00000538012.2",-1.06895404080085,4.73861618767327,-9.95885463909675,6.95283651994455e-05,0.0207735137930181,2.43442957044664
"ENST00000389661.4",1.74938549954595,4.74183346102269,9.942210386838,7.0178237446266e-05,0.0207735137930181,2.4193344059517
"ENST00000309602.5",-0.784631798213547,4.93840517701992,-9.90744449752412,7.15585794874155e-05,0.0207735137930181,2.41847503436999
"ENST00000379205.5",-1.55691389436524,2.7101277306478,-10.8643740759264,4.27650704701867e-05,0.0165599150958848,2.41143137484886
"ENST00000522677.8",-1.43250954562283,3.41275813013445,-10.3092465882945,5.73445035463105e-05,0.019008062780048,2.40122749591422
"ENST00000316999.9",-0.959522574814093,5.03491997408522,-9.86569869317694,7.32579535929778e-05,0.0207735137930181,2.3984973024198
"ENST00000368223.4",-1.1455771821363,4.62697131732202,-9.88146556085812,7.26106665857184e-05,0.0207735137930181,2.38608034018344
"ENST00000262061.7",-1.35965849443921,5.44770113074868,-9.82240532305596,7.50700802042465e-05,0.0207735137930181,2.37813906242703
"ENST00000342983.6",0.663861462412386,7.42391607555393,10.0881372686915,6.47119540545562e-05,0.0203403804089183,2.37257001108927
"ENST00000374759.8",0.764386991325802,5.94769130025199,9.8264473247773,7.48987069572778e-05,0.0207735137930181,2.36338954406561
"ENST00000410023.6",-1.39456567823768,4.23587060071828,-9.85451443446415,7.37211749714179e-05,0.0207735137930181,2.3326238775974
"ENST00000343028.9",-1.15028676255397,5.56188316720413,-9.74314761278313,7.85243206905992e-05,0.0210522164078934,2.33138133259148
"ENST00000417171.6",-2.03873570511135,2.47770610891476,-10.9461140347027,4.10048740266257e-05,0.0162510041323494,2.32442879491313
"ENST00000367385.9",-0.871537914716058,4.51443613492383,-9.76576506870074,7.75201072193034e-05,0.0210071370848198,2.31984538392341
"ENST00000285605.8",-0.666053740484358,5.54168395464506,-9.70401553517418,8.02977090246705e-05,0.0210536371607371,2.30838808461055
"ENST00000652385.1",-0.67064249827347,5.46888628940874,-9.69779051716761,8.05840847143832e-05,0.0210536371607371,2.30647485937274
"ENST00000379143.10",-1.44057793216338,5.26729607266658,-9.68892259931518,8.09940963283022e-05,0.0210536371607371,2.30375474498657
"ENST00000392066.7",0.607148020095698,7.08791474857535,9.84298023521064,7.42024594644277e-05,0.0207735137930181,2.26912436602051
"ENST00000309083.8",-0.769590681168077,6.57226634505056,-9.71980139326564,7.9576782262646e-05,0.0210536371607371,2.25390763820197
"ENST00000446198.5",0.736340671289666,6.21710224611087,9.65319542933906,8.26706980854566e-05,0.0212273512661493,2.24413113118078
"ENST00000368845.6",0.63987054235854,5.49741289279497,9.55830833991776,8.73229682664197e-05,0.0220086072830739,2.22534961682762
"ENST00000555848.1",0.830371189133869,6.61539621754407,9.67571593709605,8.16092130124383e-05,0.0210536371607371,2.22314802981328
"ENST00000684689.1",-1.62596482552145,3.44683593834955,-9.87794098885874,7.27547842134362e-05,0.0207735137930181,2.21361520229362
"ENST00000304056.9",-0.999808569858464,5.44114623673058,-9.52352837569505,8.91038911999831e-05,0.0223544496216031,2.20737580207375
"ENST00000227451.4",-1.50458514033527,2.34371028710135,-10.6160486638971,4.86773349778744e-05,0.0172874078221423,2.19719782176914
"ENST00000352966.9",1.43329748391944,3.43422857731736,9.81979046462219,7.51811880276779e-05,0.0207735137930181,2.19081701121067
"ENST00000380502.8",-0.855260151192204,4.11398126324799,-9.57980008123126,8.62431476471788e-05,0.021837084403331,2.18683529582084
"ENST00000320031.13",-0.649026342487657,6.46979081724853,-9.59382000344489,8.554709675403e-05,0.0217615898403321,2.18648335588349
"ENST00000444046.5",1.09849510142926,7.69682299897719,9.83593636607116,7.44981729809133e-05,0.0207735137930181,2.18394744624921
"ENST00000449759.2",0.63131716870366,6.05319157329245,9.45471659309356,9.27532538323864e-05,0.0230584589027313,2.13608729388333
"ENST00000398136.7",-1.64028063409459,4.86502358667778,-9.38702942649287,9.65134120011098e-05,0.0233562457042686,2.12656113910571
"ENST00000578372.2",-1.04399819653932,4.37595700824828,-9.40394276447975,9.55575072020538e-05,0.0233313892138158,2.11534076827781
"ENST00000374690.9",0.641304090541615,5.36270753091447,9.36407018885848,9.78288434576285e-05,0.023466908361336,2.11503956148694
"ENST00000261622.5",-1.35482548821503,8.9340553992883,-10.0753631342956,6.51701843955819e-05,0.0203673584283609,2.10823799072332
"ENST00000389629.9",-0.6105583696693,5.9655560380293,-9.39484030442859,9.60705848779324e-05,0.0233524107917506,2.10583775350952
"ENST00000393597.7",-1.16167021350103,4.52139423623718,-9.37044135221318,9.74617368230553e-05,0.023466908361336,2.10546282321951
"ENST00000580666.6",-0.780386397729002,4.7342438475502,-9.30748771799813,0.000101160557214483,0.0240215902142783,2.08121216668571
"ENST00000267889.5",1.27988222951556,3.16941940092462,9.6802761631432,8.13962032966067e-05,0.0210536371607371,2.07571176257661
"ENST00000373873.8",0.643311335035339,6.56240204327819,9.4240778056325,9.4433820473581e-05,0.0233313892138158,2.07240879418302
"ENST00000543571.6",-0.865538001491564,5.4041859737854,-9.28801864092662,0.000102337280039619,0.0240215902142783,2.06939243592365
"ENST00000426151.7",0.967166825426989,5.54710377309866,9.29510409223962,0.000101907200849185,0.0240215902142783,2.0690664084984
"ENST00000295092.3",1.01716383134071,3.87779669108176,9.40592172345183,9.54463809245728e-05,0.0233313892138158,2.06820539290842
"ENST00000649427.1",-0.886535185719722,4.48083608355679,-9.29636793020909,0.000101830708002131,0.0240215902142783,2.06403406781047
"ENST00000355841.7",-0.788470699951623,5.06181159961397,-9.24737045198514,0.000104845695314457,0.0243570017284791,2.05065747917759
"ENST00000262844.10",-0.792837347193082,5.43829000574802,-9.21234984031228,0.000107064216728024,0.0245251075414415,2.0227359932768
"ENST00000362003.10",-0.690076659443521,5.82160770974798,-9.2422573684239,0.000105166252785763,0.0243570017284791,2.02215311471255
"ENST00000580732.6",1.52741454291978,4.07779724752095,9.21065577890362,0.000107172908330368,0.0245251075414415,1.98020572457718
"ENST00000367313.4",-0.805388364886151,6.00537603548724,-9.1820132385387,0.000109030159343225,0.0247430600614095,1.97291769743992
"ENST00000518498.3",0.894173319064952,6.23922878444687,9.20087555216437,0.000107802921695314,0.0245664891390004,1.96587676403078
"ENST00000553947.1",-1.93462299565157,2.380523443837,-10.0047145110163,6.77736517662165e-05,0.0207735137930181,1.96513647071773
"ENST00000338206.6",1.61821925501109,2.57257979978736,9.78209813496304,7.68041952769214e-05,0.0210028752404269,1.95879999037253
"ENST00000305798.8",1.70829379266202,2.39523898146196,9.9085021181177,7.15161250594403e-05,0.0207735137930181,1.94987510939074
"ENST00000249075.4",-1.32546678837374,3.29354334812952,-9.34047661570388,9.92023610228267e-05,0.0236924695592159,1.93964316629478
"ENST00000271732.8",0.639752746436736,5.47521973885716,9.07861655021444,0.000116052703187909,0.0257287432153551,1.93927693266633
"ENST00000372310.8",-0.823331267030811,4.88769688871048,-9.05528980866963,0.00011770878181442,0.0257509147799771,1.937259220719
"ENST00000265000.9",0.806635481505128,5.86341516948971,9.06330030072794,0.000117137004692156,0.0257287432153551,1.9085800751372
"ENST00000262241.7",-0.643598991184176,6.14818430364698,-9.07076568784209,0.000116607036528519,0.0257287432153551,1.89006101039442
"ENST00000333371.8",1.08243215409137,4.38039771172774,8.97051538007067,0.000123962702265182,0.0265295106021788,1.87357607039963
"ENST00000540564.5",0.747869772827181,5.00854472631322,8.94569627406648,0.00012586603668662,0.0265530336856635,1.87099959383562
"ENST00000335997.11",-0.778331933097848,5.70927898929867,-8.98458480062015,0.000122898582588492,0.0264628711768889,1.86921864993633
"ENST00000256367.3",-0.781017848055113,5.79197737205804,-8.96681980850177,0.000124243981842448,0.0265295106021788,1.85266779596734
"ENST00000519836.5",-2.47677453555115,3.64497243908247,-9.0975229198831,0.000114730268604469,0.0257287432153551,1.84431455756887
"ENST00000392650.8",0.859758284957162,4.86932151033987,8.89257927564547,0.000130054598969878,0.0266855552328304,1.83974358226964
"ENST00000519676.6",-0.622660625560624,5.13959268830772,-8.88768963681558,0.000130448238642557,0.0266855552328304,1.83301000646395
"ENST00000422906.6",-1.37432062667527,2.0725694760291,-9.84611515995307,7.40712888517872e-05,0.0207735137930181,1.8287521508474
"ENST00000262843.11",0.612636882391546,5.67764037120124,8.88050983385467,0.000131028755563536,0.0266855552328304,1.80434660326592
"ENST00000332408.9",0.998082072910226,3.61851263424561,8.96132884734715,0.000124663282102683,0.0265295106021788,1.80252593564339
"ENST00000526429.1",0.875501189671297,4.91404091604663,8.80934092249861,0.000136948144049114,0.0272362468884879,1.78882146158201
"ENST00000445369.3",-1.05489723252777,4.49921530385526,-8.81581014897363,0.000136397437052078,0.0272362468884879,1.78794841969137
"ENST00000326840.11",-1.15871443409945,4.30614831453385,-8.81127663967844,0.00013678309192743,0.0272362468884879,1.77686827494102
"ENST00000438495.6",-1.44543805101764,3.45481948047745,-8.93006550436136,0.000127082136131226,0.0265530336856635,1.75672043622916
"ENST00000329841.10",-1.41662750193062,3.3964450253077,-8.90817370286176,0.000128808347574409,0.0266847960058317,1.73725299466873
"ENST00000454872.6",1.38116876139627,2.30478766006343,9.40764529768232,9.53497177651024e-05,0.0233313892138158,1.73492809824795
"ENST00000370828.4",0.766332163670199,4.3978856509339,8.72477091262263,0.000144389930512571,0.0279053132340226,1.73163328316605
"ENST00000382040.4",-1.33967379586627,3.25571116509437,-8.92886608356133,0.000127176014925823,0.0265530336856635,1.72746684565214
"ENST00000371817.8",-0.774484634412161,6.12298872364455,-8.81409928765434,0.000136542827588573,0.0272362468884879,1.72744666154428
"ENST00000303714.9",-2.08815316813436,2.00787163018816,-9.81257574550107,7.54887407715877e-05,0.0207735137930181,1.7207739168553
"ENST00000283206.9",-0.699689452829759,5.32780594795998,-8.70294876584926,0.000146385638918085,0.0279706019081071,1.71063097617507
"ENST00000263847.6",-0.636334946013626,5.56208389109834,-8.71755844550446,0.000145046023132496,0.0279325954125439,1.7073095810648
"ENST00000373212.6",0.677172241026565,6.75990405283934,8.8717687602313,0.00013173955812302,0.0266855552328304,1.69337321772976
"ENST00000699716.1",1.01905684806568,5.57407746728328,8.68360783537427,0.000148181214299268,0.0280426538839293,1.68646994800939
"ENST00000285243.7",-0.648896504845073,5.13210358253011,-8.6343552710294,0.000152870266189619,0.0286259654565081,1.6744446495838
"ENST00000298198.5",-1.59849149316085,2.64859178950108,-9.0658431074862,0.000116956177400416,0.0257287432153551,1.66736214233373
"ENST00000536163.6",-0.801930666617545,5.46020941744224,-8.64477284883204,0.000151864287014399,0.0286073543354523,1.66696001202988
"ENST00000290349.11",-0.882115548908495,4.65569536087075,-8.57852621935133,0.000158394926503857,0.0290784466067394,1.64696954672744
"ENST00000311128.10",-0.831805773252123,4.58521950450482,-8.57808429506711,0.000158439572310545,0.0290784466067394,1.64625530358756
"ENST00000282728.10",0.866957204613395,3.87090066103913,8.62934203464829,0.000153357124968129,0.0286259654565081,1.64515425919689
"ENST00000640019.3",-0.990663944432287,4.20886700087016,-8.55475438476296,0.000160817348995462,0.0291699473896347,1.62138941458448
"ENST00000258362.7",-1.08797512018773,6.51153276324054,-8.69617394770534,0.000147011713603581,0.0279706019081071,1.61133431110794
"ENST00000383694.3",1.16771220035482,3.46331225040842,8.61782326679829,0.000154482593731489,0.0287379660420497,1.59447932753139
"ENST00000299638.8",-0.900898947520254,4.00355234176604,-8.51674591484699,0.000164780346822219,0.029324250302088,1.58823574410468
"ENST00000378069.5",1.45941163490891,2.90788367081906,8.76600317130044,0.000140704601832016,0.0274836288692737,1.58184278298446
"ENST00000574285.2",-0.648807522935816,5.38784662886619,-8.5009802078445,0.000166457318315898,0.0293673666236552,1.57653023132259
"ENST00000352511.5",-0.811688909769317,4.6198570916688,-8.46285290702794,0.000170595285331043,0.0296945980700632,1.57460253419372
"ENST00000379426.2",-1.11390047009539,3.20494662403433,-8.64117034111887,0.000152211294368767,0.0286073543354523,1.57227611216388
"ENST00000482740.2",-2.03014614938027,1.65921774407338,-9.887130846998,7.23797111375023e-05,0.0207735137930181,1.54633794001262
"ENST00000458420.7",-1.27701455921397,3.97371733348767,-8.44480753240154,0.000172595253501863,0.0298720873560883,1.54080744948137
"ENST00000258888.6",-1.31759520681799,2.36770895245273,-8.92159195878353,0.000127747088356959,0.0265655656137597,1.54076159098419
"ENST00000545344.5",-1.81144792933199,2.68016162043577,-8.7953191737262,0.000138150654005932,0.0273606414060534,1.53966254319435
"ENST00000366862.10",-0.878056579744781,4.16093537123973,-8.40933351048989,0.000176606605162227,0.0301842764047891,1.53175075835848
"ENST00000395699.5",-0.661718184466178,6.55059623386858,-8.58817367540098,0.000157423908883976,0.0290784466067394,1.52851929475237
"ENST00000375856.5",-1.39042339821958,2.62928171439613,-8.76880652411206,0.000140458025539558,0.0274836288692737,1.52789552970035
"ENST00000264933.9",0.831881341744752,6.0885613202316,8.50488631097087,0.000166039996339008,0.0293673666236552,1.52474747683616
"ENST00000520546.1",1.63389258694756,3.25993846173768,8.54548443205646,0.000161773606918164,0.0291699473896347,1.52068089867635
"ENST00000333090.5",0.636687693769051,8.06203088407702,8.90015029527534,0.000129447810894275,0.0266855552328304,1.50039332731823
"ENST00000312655.9",-0.873183955017713,4.54494941857815,-8.34556586328698,0.00018409228486099,0.030930553100128,1.50027452989993
"ENST00000261489.7",-0.885875138576116,4.39084626012097,-8.33860209304751,0.000184931815690445,0.030930553100128,1.49440906573094
"ENST00000554749.1",-1.0797942734413,2.60401855293509,-8.69720374744547,0.000146916347873274,0.0279706019081071,1.49412346280567
"ENST00000524245.5",1.49367232180831,3.60747314053628,8.39812656483623,0.000177896257822155,0.0302158451329482,1.48184356171916
"ENST00000330871.3",-1.28278966940793,2.32161215624295,-8.79041466334252,0.000138574154711417,0.0273606414060534,1.46959341894737
"ENST00000393080.8",-1.09098116152988,6.42195987061424,-8.46230809619946,0.000170655272085339,0.0296945980700632,1.46246544616465
"ENST00000260372.8",-1.10335454989616,3.22006218123918,-8.42581720186526,0.000174729362495857,0.0301372311026989,1.45714588085689
"ENST00000230173.10",-1.1140917862684,5.16799824063624,-8.29374808793088,0.00019044683837687,0.0314105669104867,1.45312604310634
"ENST00000225171.7",0.945147047219155,4.2795191145905,8.26894113768212,0.000193578728631538,0.0316175942733403,1.44835991866037
"ENST00000379484.10",-0.929622476639202,4.28883609660482,-8.26826899946943,0.000193664413105555,0.0316175942733403,1.44809029968115
"ENST00000344119.6",1.84094430294346,3.80521101874564,8.3150101474613,0.000187809145046375,0.0312208442579828,1.44579638623496
"ENST00000409379.8",-0.696973279815436,5.33317446866873,-8.26288082024827,0.000194352890887925,0.0316355604417928,1.42132120919683
"ENST00000379097.7",0.609781453122407,6.70441525196488,8.45989633149093,0.000170921114880573,0.0296945980700632,1.41907688094656
"ENST00000248553.7",-0.629755859616077,10.7311882166802,-9.76422574403625,7.75879779699699e-05,0.0210071370848198,1.41365817517865
"ENST00000419304.7",0.660440751065535,5.63230539706242,8.27305350192697,0.000193055438079322,0.0316175942733403,1.40667216695452
"ENST00000619929.5",-0.597057137412755,6.35624143438065,-8.36174914110605,0.000182158278973674,0.0307487672642845,1.39524003289732
"ENST00000265361.8",-0.781038846965556,6.71400181178152,-8.41866248194132,0.000175541321754456,0.0301372311026989,1.39101529551866
"ENST00000247191.7",-1.51618154642897,3.58189127136331,-8.23189910020194,0.00019836706745228,0.0320979042991127,1.3814827646767
"ENST00000523965.5",-0.872393596248319,4.85282472454969,-8.16161206851982,0.000207835299231098,0.0330433958882187,1.37626353658209
"ENST00000222803.10",1.0416712385642,2.95482260356471,8.34196360032534,0.00018452600999133,0.030930553100128,1.37401836878437
"ENST00000264995.8",-0.827494263796198,5.12382262819065,-8.16650234969876,0.000207159840755261,0.033032029185384,1.36847274637164
"ENST00000343882.10",-0.784376501037207,6.19050278590811,-8.29233646652219,0.000190623473121432,0.0314105669104867,1.36752522890665
"ENST00000530028.3",0.699678281946259,7.41051965568027,8.53172728110471,0.000163204927616986,0.0291699473896347,1.36263948081842
"ENST00000372827.8",-0.734534416678108,4.35019336545688,-8.12137549024098,0.000213490779928273,0.0335524072868882,1.35554808206398
"ENST00000393350.1",-1.23258404287967,1.9419446191216,-8.73478069106724,0.000143485071290718,0.0279053132340226,1.34006201256787
"ENST00000415876.6",0.957659580369675,2.89124468186689,8.29193793917805,0.00019067337479488,0.0314105669104867,1.33786314493487
"ENST00000273258.4",0.602992231016511,6.1234274838839,8.24109004377795,0.000197166297296576,0.0319982763553244,1.33727489149748
"ENST00000354193.5",-0.887840176823322,3.34370489239584,-8.17500858888684,0.000205990985141903,0.032941692863687,1.33110902617342
"ENST00000389131.8",-1.54879117782305,2.78112388244369,-8.32851192847973,0.0001861561391514,0.0310404011050864,1.3293453741751
"ENST00000248071.6",-1.3546284206099,2.25841762902952,-8.51334353149758,0.000165140588990037,0.029324250302088,1.32052175501559
"ENST00000293379.9",0.615124132188541,5.34096235888394,8.10418888832355,0.000215960643521737,0.0336504829501163,1.31197649647243
"ENST00000612155.1",-0.700766170716107,4.11566298293534,-8.05484654709346,0.000223237537539097,0.0343924152199671,1.30883031950005
"ENST00000341322.4",-1.60408904304002,1.85313689730149,-8.77555227826427,0.000139866736316979,0.0274836288692737,1.30253560760239
"ENST00000474352.5",1.17321848276837,2.76777841333461,8.19185384178451,0.000203698721395938,0.0327667366781961,1.26079070637706
"ENST00000317233.8",1.26087930952856,2.93956826131636,8.12193873429995,0.00021341039218976,0.0335524072868882,1.24672453597609
"ENST00000361981.7",-1.50169357052471,5.76413239543411,-8.04383596560067,0.000224899865907393,0.0344544074683673,1.24464940135937
"ENST00000544450.6",0.67534953105405,7.62730837894235,8.41656389830096,0.000175780310132395,0.0301372311026989,1.24228750285
"ENST00000684187.2",-1.14609553758051,3.33004932027895,-7.99957529962605,0.000231728360841986,0.0353027507274927,1.22339652827284
"ENST00000413171.6",-0.917892008111689,4.99465882412382,-7.94351525892988,0.000240724688851813,0.0358738819691644,1.22298083495597
"ENST00000309318.8",-0.709982172681777,6.34060477341676,-8.1081675483984,0.000215385944920165,0.0336504829501163,1.21859232199616
"ENST00000670326.1",-0.898809512398858,3.14567245878469,-8.00664534432233,0.000230621659991586,0.0352322900230721,1.21020394331119
"ENST00000463624.2",1.65309694956804,2.80814425459046,8.09238479138487,0.000217676167925878,0.0337256231620457,1.20393816159473
"ENST00000520127.5",1.14936479036144,2.72621486313989,8.09527705706518,0.000217254371157175,0.0337256231620457,1.20134118832948
"ENST00000326577.9",-0.600725296139188,6.59740780960535,-8.12766631949072,0.000212594923156647,0.0335524072868882,1.19796833122515
"ENST00000647374.2",1.41165124433385,3.77308329020417,7.90098381021547,0.000247820265600248,0.0364349085113138,1.1941341350214
"ENST00000263233.9",2.1215518852314,1.53974526394331,9.13928435138517,0.00011187070349347,0.0252827789895242,1.19213594128084
"ENST00000263026.10",-0.837573281543277,5.00085161792193,-7.88121589463337,0.000251200393322381,0.0366773804495781,1.17905032009737
"ENST00000306156.8",-0.916119844974347,3.54273324385473,-7.8762466243285,0.000252058465063328,0.0366773804495781,1.16738039079453
"ENST00000356063.9",-1.19118107547356,3.9787450254201,-7.84325351604168,0.000257842376501946,0.0371103033043274,1.16672207508241
"ENST00000359015.5",1.38916927838518,3.06788273741704,7.95367659920262,0.000239064440765929,0.0358212277087798,1.16501486240152
"ENST00000357992.9",-0.616432879319067,5.58070725914834,-7.91894440694263,0.00024479474423826,0.036184632842916,1.16338072165257
"ENST00000447596.4",-1.95548390688326,1.90275813103113,-8.48237020994853,0.000168462354286922,0.0296255404522841,1.15867640804163
"ENST00000395715.8",0.794864623040014,6.55898927667933,8.04527681819839,0.000224681519364422,0.0344544074683673,1.14498120258808
"ENST00000232564.8",-1.05821193230408,3.28983690559456,-7.87140153867463,0.000252898360972334,0.0366883744251959,1.14270741860853
"ENST00000462489.1",-1.00449134007244,3.07846314386569,-7.90704584265319,0.000246794282928873,0.03638186771414,1.14260282442968
"ENST00000608933.6",0.695615256837464,5.04548526125176,7.82699120606987,0.000260749695495492,0.0373322574503651,1.13775361686486
"ENST00000374291.5",-0.81959726140192,5.76749424511562,-7.89296643169823,0.000249184776911671,0.0365373024634131,1.1287051934883
"ENST00000520177.6",-2.39028613485269,4.246540040418,-7.78304419384965,0.000268798101976122,0.0378148103957084,1.12859144968416
"ENST00000592702.5",-0.602812101005928,8.24643776749683,-8.40122697522617,0.000177538385482939,0.0302158451329482,1.10992545475023
"ENST00000512701.7",-0.872121394285091,3.54370149803624,-7.76351477303081,0.000272466705725456,0.038014665993716,1.09649515137726
"ENST00000245407.8",-0.775682653425411,4.67690269751512,-7.70708195865954,0.000283397568339584,0.0387890181976936,1.07159805261547
"ENST00000429644.7",0.926660367387029,4.83331565014726,7.69102657332625,0.000286599568947431,0.0387987713486954,1.05411166909264
"ENST00000520969.5",-1.33126420930093,4.09702226573996,-7.66410466204521,0.000292063129666344,0.0389892584387936,1.05015104363594
"ENST00000231368.10",-0.719149419376924,5.86920846292875,-7.80063195001534,0.000265543076961245,0.0377622444376393,1.05012808170457
"ENST00000687901.1",-1.11631326062085,2.26673401605162,-7.96258361952176,0.000237620028502968,0.0358212277087798,1.04812535395766
"ENST00000303991.5",-0.630279153137063,5.03518357953542,-7.69279689233206,0.000286244460769952,0.0387987713486954,1.04293343584914
"ENST00000372806.8",-0.734701101184169,5.33249368865316,-7.70474644881725,0.000283860768065626,0.0387890181976936,1.03082490575706
"ENST00000367362.8",1.04955532479109,2.40391154654814,7.87570635342357,0.000252151960963968,0.0366773804495781,1.02791052971688
"ENST00000222254.13",-1.50272503965763,6.04104519477845,-7.77847418003637,0.000269651430818516,0.0378148103957084,1.02505236011799
"ENST00000428842.1",1.86423927590535,1.42685894461658,8.72472464932293,0.000144394127938792,0.0279053132340226,1.02408463425647
"ENST00000242057.9",0.683370129039171,6.29477769885353,7.8290701691469,0.000260375918903096,0.0373322574503651,1.02000265749428
"ENST00000319264.4",0.639394948443024,4.90406802081009,7.6394306957708,0.000297176530368318,0.0390701413435194,1.01236327386309
"ENST00000382554.4",-1.03355219185808,3.85380301310824,-7.6130331355217,0.0003027621408949,0.0395349206233692,1.01163602626924
"ENST00000578982.6",0.712373866351705,5.38638064619589,7.67482661281938,0.000289872894454141,0.0389892584387936,1.00421678078355
"ENST00000395135.7",-0.969088354711495,3.5462016761355,-7.61248061074439,0.000302880343399249,0.0395349206233692,0.998840041943168
"ENST00000505089.6",1.00604315122644,2.80645171975398,7.70203390366657,0.000284399844534395,0.0387890181976936,0.988124382412187
"ENST00000303635.12",-0.922577382408668,3.49318500628284,-7.59430671187803,0.000306798225127828,0.0396385303533501,0.984234911603932
"ENST00000286298.5",-1.16452341282098,3.84476479937174,-7.56715441608706,0.000312761354676814,0.0399662243223932,0.980236208144972
"ENST00000543655.5",-1.46783038788958,2.76211834890579,-7.69672227207342,0.000285458882930057,0.0387987713486954,0.972954385237417
"ENST00000376621.8",-0.739289618531971,4.41542643408495,-7.55172490889436,0.000316209628269628,0.0399997890596929,0.970390439326612
"ENST00000353442.10",-0.660312886547054,5.31950090111342,-7.59963380203241,0.000305643785415297,0.0396297789914664,0.954621573141566
"ENST00000345988.7",-0.632635270269306,7.22944918171605,-7.9264413653926,0.000243544519878103,0.0361150446900796,0.951870219470621
"ENST00000587489.6",-0.885742814720603,3.39936918904042,-7.54139487580997,0.000318542811356493,0.0400499849165731,0.944282097347671
"ENST00000517876.5",1.109234882102,3.57310867635914,7.5259979557113,0.000322057465520234,0.0402841705108876,0.942934479948149
"ENST00000460124.5",1.35513776602213,2.60393265218821,7.6777323766898,0.000289282593141674,0.0389892584387936,0.942185191697351
"ENST00000566455.1",0.592893351193385,5.18301594245584,7.56312262166788,0.000313658188538291,0.0399873977798047,0.938158999255833
"ENST00000267257.11",-0.871577149436034,5.92141821392864,-7.64689687670279,0.000295618401967114,0.0389892584387936,0.931887871339304
"ENST00000369110.8",-0.588940581742938,5.27504472259251,-7.54983256074185,0.000316635559517151,0.0399997890596929,0.921187612782433
"ENST00000706660.1",1.28343977199058,1.74037419228247,7.95657029712035,0.000238594070719513,0.0358212277087798,0.913004582449851
"ENST00000652986.1",-2.38687554125133,1.79765916148828,-8.18345673934205,0.000204837665990695,0.0328533185582495,0.910389533509217
"ENST00000475947.7",1.46632869577505,3.68682034675582,7.43724158051418,0.00034321393093387,0.0418369115496569,0.886642133253343
"ENST00000281938.7",-0.798020225087928,5.37454161905864,-7.50905163969745,0.000325977741052027,0.0403522974889033,0.883752027028422
"ENST00000434526.8",1.01677762468932,5.58231258897216,7.53097606356426,0.000320916231445637,0.0402558498399651,0.882290799055441
"ENST00000361171.8",-0.727797288763715,4.52752081159918,-7.4219783061619,0.000347011913112678,0.0418765955478666,0.874265736346704
"ENST00000310450.8",-1.72669164670612,2.09743923860733,-7.74041632000334,0.000276880770880571,0.038337121825317,0.872915750867346
"ENST00000370602.6",0.946570096094687,4.17409344565381,7.38219710752726,0.000357141167756942,0.0421666181372115,0.855226657674194
"ENST00000263331.10",-1.00333231617228,3.05610980146169,-7.43622764574583,0.000343464734984933,0.0418369115496569,0.849766856720839
"ENST00000380916.9",-0.798894227754359,4.37159980408237,-7.37953297374776,0.000357831638863379,0.0421666181372115,0.84910895901012
"ENST00000381151.5",-0.868137489520686,3.88133695513111,-7.37010901315592,0.000360286482357714,0.0422849534186869,0.846797990667961
"ENST00000604507.5",1.36771460713507,3.12319848159796,7.4261654689627,0.000345965202086239,0.0418765955478666,0.846399285846259
"ENST00000376705.4",0.647527511832886,5.59418191369776,7.48351421241602,0.000331990124996193,0.0408529422499658,0.84214381035492
"ENST00000380752.10",-0.659725136125354,7.36430090610675,-7.81144540205993,0.000263564439592148,0.0376367267106364,0.841263779745621
"ENST00000290585.8",1.23089374299643,2.03570739877284,7.67007226819294,0.000290841739378591,0.0389892584387936,0.841197314570688
"ENST00000683327.1",-0.658207940219536,4.71311759463758,-7.38750133344559,0.000355771035243183,0.0421666181372115,0.840323522398269
"ENST00000317702.10",-0.845160897268138,5.03381943091027,-7.40939157819838,0.000350180460592382,0.0420001529621021,0.83733384379943
"ENST00000553458.6",0.673229694606642,5.14600750673318,7.41650917858758,0.000348384607881945,0.0418765955478666,0.83279315799111
"ENST00000336702.7",1.68800712103252,2.30252932170938,7.57638986903215,0.000310718168702132,0.0397981219734356,0.827672035496534
"ENST00000285896.11",0.62048572018147,4.87896134830657,7.38149758218853,0.000357322316560488,0.0421666181372115,0.825745257688806
"ENST00000682323.1",-1.74540543590669,6.14422371444876,-7.51806842776019,0.000323885017784997,0.0403506136507906,0.822212226066982
"ENST00000382038.7",-1.0482113986198,2.84629179268061,-7.42413186062034,0.000346473109069174,0.0418765955478666,0.821601030259848
"ENST00000337387.4",-0.917150906786846,3.68209252609065,-7.32211191234603,0.000373095218726094,0.0432159257823623,0.809699765691022
"ENST00000337130.10",1.9069129693121,3.44051856859159,7.34186727612159,0.000367760522226148,0.0429776890632318,0.808091147989421
"ENST00000415912.6",-0.596385331382538,7.12920999427867,-7.71162659558623,0.000282498737942982,0.0387890181976936,0.805031543126822
"ENST00000334463.4",-0.827503776922848,3.41391100524884,-7.3110533107857,0.00037612046866826,0.0432159257823623,0.792475110308357
"ENST00000382275.6",2.09506672123938,1.81249011342977,7.7845244885365,0.000268522366449601,0.0378148103957084,0.781818533843089
"ENST00000371655.4",0.786173697952885,3.82421079784564,7.26682596817883,0.000388506219766711,0.0436779515977041,0.77398166907121
"ENST00000340058.6",0.765223525074331,6.61075495047665,7.55970789801585,0.000314420087164283,0.0399913102492766,0.772431224708464
"ENST00000404891.1",-1.01266273862729,3.69759167594259,-7.26685049921084,0.000388499220524759,0.0436779515977041,0.771559538113376
"ENST00000409652.5",-0.845736420549606,4.40412245373002,-7.27362517510444,0.000386571819012187,0.0436779515977041,0.771357963725528
"ENST00000684151.1",1.23370344302604,4.17698244038564,7.26019946681122,0.000390402250972355,0.0437538522749591,0.768422731898467
"ENST00000432648.8",-0.712513383625939,5.03236362756987,-7.31551486946992,0.000374896543275412,0.0432159257823623,0.766298960604202
"ENST00000301634.12",-0.764594732326463,5.49181216386331,-7.3671101570614,0.000361071730547338,0.0422863706361777,0.765273138544544
"ENST00000705116.1",-1.52821145058148,2.07463643891969,-7.511363286462,0.000325439740336863,0.0403522974889033,0.750155357083931
"ENST00000406189.4",-1.03091599563314,3.19220028832151,-7.26810205045744,0.000388142318674302,0.0436779515977041,0.75011097029348
"ENST00000306052.12",-0.817001485404288,4.04083903973047,-7.19468495263752,0.000409734464923728,0.0452909634237654,0.722362145655469
"ENST00000228741.8",-1.27352341657569,3.12557338905026,-7.23340743496679,0.000398177968523763,0.0443526465468466,0.720884038457696
"ENST00000466328.2",-1.02835149514839,2.65592947340847,-7.28881799159501,0.00038228946871535,0.0436779515977041,0.716034514626269
"ENST00000651929.2",-1.11195465598825,4.08374388011887,-7.18459512007122,0.000412809019817516,0.0454824648189633,0.714926743463121
"ENST00000375464.7",-0.596885502461696,4.7235404385482,-7.2181176375623,0.000402695561821932,0.0446738857346149,0.71356736466542
"ENST00000261023.8",-0.734770216144446,5.3257142943874,-7.27511797382224,0.000386148602777495,0.0436779515977041,0.710693406218067
"ENST00000355585.9",-0.921550856349903,4.69625834024557,-7.17906373455838,0.000414505834896004,0.0455223958275748,0.687550810302874
"ENST00000506699.5",-2.05437782573566,1.88568065322431,-7.54389805109238,0.000317975612044887,0.0400499849165731,0.685818631639289
"ENST00000348721.4",-0.812227633692943,4.39929256595689,-7.1562721509385,0.000421582896309499,0.0461144235299183,0.68480040674167
"ENST00000352618.9",-1.67404345674893,1.76363797805119,-7.54963154637531,0.000316680842954125,0.0399997890596929,0.682488052253005
"ENST00000254090.9",1.43349460519355,2.01753658338063,7.39605602826675,0.000353574052358583,0.0420619718083361,0.677840829719509
"ENST00000680729.1",-0.859509986654735,3.73661186441994,-7.13247151971677,0.00042912262856597,0.0468454586856887,0.677707783017037
"ENST00000379565.9",-0.754941655122699,4.12033084580968,-7.12979204634631,0.000429981160259265,0.0468456765276887,0.673702524935473
"ENST00000339276.6",-0.607667100455559,6.7084559304103,-7.4252692120746,0.000346188941982996,0.0418765955478666,0.65102784562178
"ENST00000545484.1",-1.37862474099078,1.51976099716759,-7.59200816590661,0.000307297902249332,0.0396385303533501,0.647592498499401
"ENST00000230461.11",-0.669489868797298,5.59733218173455,-7.22784273141424,0.000399815333098121,0.0444445125971595,0.64581848077168
"ENST00000409660.5",-1.06950111770793,2.90022266696877,-7.12469164654552,0.000431620868094184,0.0469308320433541,0.632904475044025
"ENST00000519728.6",1.64037943079553,1.47404575418984,7.64579178436325,0.000295848428510556,0.0389892584387936,0.630246787236758
"ENST00000370236.5",-0.931227015464875,3.42557987170864,-7.05787475629273,0.000453782260422284,0.0478507810554004,0.617872550465986
"ENST00000522782.6",-0.701408074766164,4.43279948155602,-7.06358000234444,0.000451839518012455,0.0478507810554004,0.613307965370239
"ENST00000256079.9",-0.611334334261434,4.9426907452231,-7.10483576852475,0.000438073379908638,0.0473500183675163,0.611865299730843
"ENST00000691883.1",-2.19741970906959,1.92312737889575,-7.40436892225397,0.000351454173787642,0.0420606819973605,0.608765171939237
"ENST00000270077.8",-1.4786518889189,1.31115983253162,-7.72851998040217,0.000279186383311389,0.0384866654171371,0.606814703735862
"ENST00000229314.10",-1.10271966476131,3.17320723307983,-7.0570022341993,0.000454080219552271,0.0478507810554004,0.605510461847449
"ENST00000309446.11",-0.977799452084885,3.66005226255071,-7.03047120969755,0.000463249085904271,0.0484841293096532,0.603553745077202
"ENST00000359831.8",0.763462162602369,4.85090581536802,7.08046744435091,0.000446145047737256,0.0477338663459882,0.600745382706346
"ENST00000395353.5",-0.893580376862286,5.23060536587068,-7.11628106145695,0.000434340546885683,0.0471328436314916,0.597976256103859
"ENST00000287394.10",-0.66612620376785,6.25904807450092,-7.26893713457375,0.000387904390396688,0.0436779515977041,0.594907955748999
"ENST00000423169.6",-1.81288698731034,1.45817632889071,-7.65284587977807,0.000294383656727065,0.0389892584387936,0.591114915434528
"ENST00000356736.5",1.33664703530987,4.69383635674069,7.04447751936339,0.000458382288001408,0.048211238644948,0.588287750191491
"ENST00000262848.6",-0.664331041924323,4.78366845152515,-7.05788597750243,0.000453778429941226,0.0478507810554004,0.5878292151438
"ENST00000356056.10",-0.668397922868239,5.01340842678205,-7.07832962520981,0.000446861324675382,0.0477338663459882,0.58590826594037
"ENST00000479339.5",1.14746621376588,1.92666476372439,7.25025216938951,0.000393268556879132,0.0438951916588438,0.584525971889963
"ENST00000542064.2",-1.60478296136188,1.58427959788509,-7.4548705064548,0.000338886942751879,0.0414639925570151,0.577719708453863
"ENST00000293778.12",-0.881740471000545,5.36425755717936,-7.10216581426077,0.000438949492869406,0.0473511354319794,0.573808076406832
"ENST00000320892.11",-1.1213453548652,3.11864748131186,-7.01385578425878,0.000469099996623351,0.0487763566284974,0.572611584850145
"ENST00000375256.5",-0.824773857237115,4.29063717273776,-6.99234677419291,0.000476801213391204,0.0489815754209508,0.566163967526698
"ENST00000395748.8",-0.598934722340776,5.53886610514379,-7.11270564938803,0.000435502694528141,0.0471653730081844,0.561179400212387
"ENST00000318247.7",1.14702279734669,4.31409257841052,6.98397659693115,0.000479837480237028,0.0489815754209508,0.560163680956357
"ENST00000262424.10",-0.64458863618541,4.26254723822274,-6.97774275737636,0.000482113292392642,0.0490106694935658,0.555580908908905
"ENST00000312046.10",-1.10855762335252,4.20482690953169,-6.96488079210596,0.00048684832935478,0.0493087200538364,0.54966821229833
"ENST00000436636.7",1.17489113189221,1.94973413674867,7.18295720767469,0.000413310630714268,0.0454824648189633,0.548634225788692
"ENST00000303077.7",-1.39370442693129,1.52461858582473,-7.3967838830235,0.000353387852361768,0.0420619718083361,0.547428248786972
"ENST00000469435.1",-2.13066662721139,1.12892727728265,-8.53353574563839,0.000163015935801297,0.0291699473896347,0.536890243460999
"ENST00000381736.8",-1.35675215467217,5.04009671863829,-7.00205469813609,0.000473307407183121,0.0489815754209508,0.53067340836887
"ENST00000425089.1",1.40698447683981,1.32372193349224,7.49216172468886,0.0003299399628612,0.0407338068821777,0.518197594279773
"ENST00000219235.5",-1.73191605265013,2.64829344170848,-6.98520904840042,0.00047938901320417,0.0489815754209508,0.510924341256298
"ENST00000422081.6",1.11129795119561,2.06292530316917,7.08418334189529,0.000444903186317205,0.0477338663459882,0.509700047092502
"ENST00000431708.1",1.27678354751425,2.33413892362942,7.02690786028043,0.000464496747221498,0.0484841293096532,0.509587501838144
"ENST00000379446.10",-0.840164496164119,5.18918948049121,-6.98715017430418,0.0004786836525213,0.0489815754209508,0.499794191104596
"ENST00000274093.8",1.25335356474601,1.43467568730605,7.32492655448878,0.000372329724345488,0.0432159257823623,0.494231496066181
"ENST00000551956.2",-1.01457279848387,2.55738263924147,-6.93753716164897,0.000497094082988466,0.0497931677414015,0.47850063709358
"ENST00000573034.8",-0.627170235458268,5.47380344961672,-6.98627623523218,0.000479001073656696,0.0489815754209508,0.467798403391339
"ENST00000470543.1",0.669372105492453,5.97757837048878,7.03991921817044,0.000459959663521402,0.0482842877491603,0.449352243214225
"ENST00000607749.1",1.0282901651908,1.94110368904966,7.01383791892335,0.000469106333405062,0.0487763566284974,0.448454449294378
"ENST00000493442.2",-0.610502785210039,5.71941593477304,-6.98156275383876,0.000480717237718376,0.0489815754209508,0.435044898010848
"ENST00000407540.8",-1.6938987081885,1.33546790657908,-7.4168154489879,0.000348307571492572,0.0418765955478666,0.434690138196918
"ENST00000281928.9",0.744337057260875,6.51900617966667,7.07845126363465,0.000446820534090278,0.0477338663459882,0.402989528250237
"ENST00000504087.6",0.624182128679107,7.46958976302474,7.16977794665259,0.000417372496483371,0.0457453638831032,0.310172212110292
"ENST00000340217.5",2.91553417454084,1.16724977699808,9.04449226433895,0.000118484628348097,0.0258173756717694,0.148308973188459
"ENST00000296657.7",-1.64646581599456,0.913205258967447,-7.28484188753423,0.000383404883139721,0.0436779515977041,0.0624961974730374
"ENST00000392583.7",-1.19233273223889,8.0269657206867,-6.9809756212092,0.000480931507369461,0.0489815754209508,0.0501139406446862
